Date,Away,Away Score,Home,Home Score,OT,Notes,Type,Location,TV,Winner
2025-09-19 00:00:00 UTC,(9) St. Lawrence (11-21-3),1,(5) Colgate (0-0-0),0,,,EX,Class of 1965 Arena,,(9) St. Lawrence (11-21-3)
2025-09-19 00:00:00 UTC,(6) Minnesota Duluth (1-0-0),4,Mercyhurst (0-1-0),3,OT,,NC,Mercyhurst Ice Center,,(6) Minnesota Duluth (1-0-0)
2025-09-19 00:00:00 UTC,Minnesota State (1-0-0),3,RPI (0-1-0),0,,,NC,Houston Fieldhouse,,Minnesota State (1-0-0)
2025-09-19 00:00:00 UTC,Lindenwood (0-1-0),0,(13) St. Cloud State (1-0-0),5,,,NC,Herb Brooks National Hockey Center,,(13) St. Cloud State (1-0-0)
2025-09-20 00:00:00 UTC,Durham,2,Robert Morris (0-0-0),1,OT,,EX,Clearview Ice Arena,,Durham
2025-09-20 00:00:00 UTC,Bishops,0,(7) Clarkson (0-0-0),5,,,EX,Cheel Arena,,(7) Clarkson (0-0-0)
2025-09-20 00:00:00 UTC,(12) Connecticut (28-9-2),0,(10) Quinnipiac (0-0-0),3,,,EX,M&T Bank Arena,,(10) Quinnipiac (0-0-0)
2025-09-20 00:00:00 UTC,Maine (13-19-4),1,New Hampshire (0-0-0),5,,,EX,Whittemore Center,,New Hampshire (0-0-0)
2025-09-20 00:00:00 UTC,St. Michael's (1-33-0),0,Vermont (0-0-0),8,,,EX,Gutterson Fieldhouse,,Vermont (0-0-0)
2025-09-20 00:00:00 UTC,Stonehill (18-17-2),2,Boston College (0-0-0),5,,,EX,Silvio O. Conte Forum,,Boston College (0-0-0)
2025-09-20 00:00:00 UTC,(6) Minnesota Duluth (2-0-0),5,Mercyhurst (0-2-0),3,,,NC,Mercyhurst Ice Center,,(6) Minnesota Duluth (2-0-0)
2025-09-20 00:00:00 UTC,Minnesota State (2-0-0),5,RPI (0-2-0),3,,,NC,Houston Fieldhouse,,Minnesota State (2-0-0)
2025-09-20 00:00:00 UTC,St. Thomas (1-0-0),7,Post (0-1-0),0,,,NC,Sports Center of Connecticut,,St. Thomas (1-0-0)
2025-09-20 00:00:00 UTC,Lindenwood (0-2-0),0,(13) St. Cloud State (2-0-0),5,,,NC,Herb Brooks National Hockey Center,,(13) St. Cloud State (2-0-0)
2025-09-21 00:00:00 UTC,Durham,1,(2) Ohio State (0-0-0),6,,,EX,OSU Ice Arena,,(2) Ohio State (0-0-0)
2025-09-21 00:00:00 UTC,St. Thomas (2-0-0),6,Post (0-2-0),1,,,NC,Sports Center of Connecticut,,St. Thomas (2-0-0)
2025-09-25 00:00:00 UTC,(9) St. Lawrence (0-1-0),0,(8) Penn State (1-0-0),3,,,NC,Pegula Ice Arena,,(8) Penn State (1-0-0)
2025-09-25 00:00:00 UTC,(6) Minnesota Duluth (3-0-0),4,Syracuse (0-1-0),0,,,NC,Tennity Ice Skating Pavilion,,(6) Minnesota Duluth (3-0-0)
2025-09-25 00:00:00 UTC,Mercyhurst (1-2-0),3,New Hampshire (0-1-0),2,,,NC,Whittemore Center,,Mercyhurst (1-2-0)
2025-09-25 00:00:00 UTC,Boston College (0-1-0),1,(3) Minnesota (1-0-0),7,,,NC,Ridder Arena,,(3) Minnesota (1-0-0)
2025-09-26 00:00:00 UTC,Concordia (Que.),4,(11) Boston University (0-0-0),4,OT,,EX,Walter Brown Arena,,(11) Boston University (0-0-0)
2025-09-26 00:00:00 UTC,St. Michael's (0-1-0),2,Saint Anselm (1-0-0),3,,,NEW,Thomas F. Sullivan Arena,,Saint Anselm (1-0-0)
2025-09-26 00:00:00 UTC,(9) St. Lawrence (0-2-0),2,(8) Penn State (2-0-0),5,,,NC,Pegula Ice Arena,,(8) Penn State (2-0-0)
2025-09-26 00:00:00 UTC,Post (0-3-0),0,RIT (1-0-0),2,,,NC,Gene Polisseni Center,,RIT (1-0-0)
2025-09-26 00:00:00 UTC,Assumption (0-1-0),2,Robert Morris (1-0-0),6,,,NC,Clearview Ice Arena,,Robert Morris (1-0-0)
2025-09-26 00:00:00 UTC,LIU (1-0-0),4,Delaware (0-1-0),1,,,NC,Fred Rust Ice Arena,,LIU (1-0-0)
2025-09-26 00:00:00 UTC,(6) Minnesota Duluth (4-0-0),4,Syracuse (0-2-0),0,,,NC,Tennity Ice Skating Pavilion,,(6) Minnesota Duluth (4-0-0)
2025-09-26 00:00:00 UTC,St. Thomas (3-0-0),4,Lindenwood (0-3-0),3,,,NC,Centene Community Ice Center,,St. Thomas (3-0-0)
2025-09-26 00:00:00 UTC,Maine (0-1-0),2,(10) Quinnipiac (1-0-0),3,,,NC,M&T Bank Arena,,(10) Quinnipiac (1-0-0)
2025-09-26 00:00:00 UTC,Franklin Pierce (0-1-0),0,Union (1-0-0),3,,,NC,M&T Bank Center,,Union (1-0-0)
2025-09-26 00:00:00 UTC,Mercyhurst (2-2-0),4,New Hampshire (0-2-0),0,,,NC,Whittemore Center,,Mercyhurst (2-2-0)
2025-09-26 00:00:00 UTC,(7) Clarkson (1-0-0),6,Merrimack (0-1-0),3,,,NC,J. Thom Lawler Arena,,(7) Clarkson (1-0-0)
2025-09-26 00:00:00 UTC,RPI (0-3-0),1,Holy Cross (1-0-0),2,,,NC,Hart Recreation Center,,Holy Cross (1-0-0)
2025-09-26 00:00:00 UTC,(13) St. Cloud State (3-0-0),2,(12) Connecticut (0-1-0),1,,,NC,Toscano Family Ice Forum,,(13) St. Cloud State (3-0-0)
2025-09-26 00:00:00 UTC,Boston College (0-2-0),0,(3) Minnesota (2-0-0),11,,,NC,Ridder Arena,,(3) Minnesota (2-0-0)
2025-09-26 00:00:00 UTC,(1) Wisconsin (1-0-0),9,Bemidji State (0-1-0),2,,,WC,Sanford Center,,(1) Wisconsin (1-0-0)
2025-09-27 00:00:00 UTC,Concordia (Que.),0,(15) Northeastern (0-0-0),6,,,EX,Matthews Arena,,(15) Northeastern (0-0-0)
2025-09-27 00:00:00 UTC,Sacred Heart (13-21-2),1,Providence (0-0-0),6,,,EX,Schneider Arena,,Providence (0-0-0)
2025-09-27 00:00:00 UTC,St. Michael's (0-2-0),2,Saint Anselm (2-0-0),4,,,NEW,Thomas F. Sullivan Arena,,Saint Anselm (2-0-0)
2025-09-27 00:00:00 UTC,Assumption (0-2-0),2,Robert Morris (2-0-0),4,,,NC,Clearview Ice Arena,,Robert Morris (2-0-0)
2025-09-27 00:00:00 UTC,Post (0-4-0),1,RIT (2-0-0),8,,,NC,Gene Polisseni Center,,RIT (2-0-0)
2025-09-27 00:00:00 UTC,LIU (2-0-0),5,Delaware (0-2-0),2,,,NC,Fred Rust Ice Arena,,LIU (2-0-0)
2025-09-27 00:00:00 UTC,St. Thomas (4-0-0),2,Lindenwood (0-4-0),1,,,NC,Centene Community Ice Center,,St. Thomas (4-0-0)
2025-09-27 00:00:00 UTC,Maine (0-2-0),3,(10) Quinnipiac (2-0-0),4,OT,,NC,M&T Bank Arena,,(10) Quinnipiac (2-0-0)
2025-09-27 00:00:00 UTC,Franklin Pierce (0-2-0),0,Union (2-0-0),2,,,NC,M&T Bank Center,,Union (2-0-0)
2025-09-27 00:00:00 UTC,RPI (0-4-0),0,Holy Cross (2-0-0),3,,,NC,Hart Recreation Center,,Holy Cross (2-0-0)
2025-09-27 00:00:00 UTC,(7) Clarkson (1-1-0),3,Merrimack (1-1-0),5,,,NC,J. Thom Lawler Arena,,Merrimack (1-1-0)
2025-09-27 00:00:00 UTC,(13) St. Cloud State (3-1-0),1,(12) Connecticut (1-1-0),2,,,NC,Toscano Family Ice Forum,,(12) Connecticut (1-1-0)
2025-09-27 00:00:00 UTC,(1) Wisconsin (2-0-0),5,Bemidji State (0-2-0),0,,,WC,Sanford Center,Fox9+,(1) Wisconsin (2-0-0)
2025-10-03 00:00:00 UTC,(10) St. Lawrence (0-3-0),0,Mercyhurst (3-2-0),1,,,NC,Mercyhurst Ice Center,,Mercyhurst (3-2-0)
2025-10-03 00:00:00 UTC,(12) Connecticut (1-2-0),0,(9) Clarkson (2-1-0),2,,,NC,Cheel Arena,,(9) Clarkson (2-1-0)
2025-10-03 00:00:00 UTC,Merrimack (1-2-0),2,Union (3-0-0),4,,,NC,M&T Bank Center,,Union (3-0-0)
2025-10-03 00:00:00 UTC,Sacred Heart (1-0-0),3,RPI (0-5-0),1,,,NC,Houston Fieldhouse,,Sacred Heart (1-0-0)
2025-10-03 00:00:00 UTC,(2) Ohio State (1-0-0),5,(7) Colgate (0-1-0),3,,,NC,Class of 1965 Arena,,(2) Ohio State (1-0-0)
2025-10-03 00:00:00 UTC,(6) Penn State (3-0-0),3,Vermont (0-1-0),1,,,NC,Gutterson Fieldhouse,,(6) Penn State (3-0-0)
2025-10-03 00:00:00 UTC,RIT (2-1-0),2,(14) Northeastern (1-0-0),3,,,NC,Matthews Arena,,(14) Northeastern (1-0-0)
2025-10-03 00:00:00 UTC,(8) Quinnipiac (3-0-0),5,Providence (0-1-0),2,,,NC,Schneider Arena,,(8) Quinnipiac (3-0-0)
2025-10-03 00:00:00 UTC,(3) Minnesota (3-0-0),5,(13) Boston University (0-1-0),0,,,NC,Walter Brown Arena,,(3) Minnesota (3-0-0)
2025-10-03 00:00:00 UTC,Syracuse (1-2-0),3,Stonehill (0-1-0),2,,,NC,Bridgewater Ice Arena,,Syracuse (1-2-0)
2025-10-03 00:00:00 UTC,New Hampshire (1-2-0),5,Assumption (0-3-0),1,,,NC,Worcester Ice Center,,New Hampshire (1-2-0)
2025-10-03 00:00:00 UTC,Robert Morris (2-1-0),0,Bemidji State (1-2-0),3,,,NC,Sanford Center,,Bemidji State (1-2-0)
2025-10-03 00:00:00 UTC,Lindenwood (0-5-0),0,Minnesota State (3-0-0),4,,,NC,Mayo Clinic Health System Event Center,,Minnesota State (3-0-0)
2025-10-03 00:00:00 UTC,Maine (0-3-0),0,(1) Wisconsin (3-0-0),5,,,NC,La Bahn Arena,,(1) Wisconsin (3-0-0)
2025-10-04 00:00:00 UTC,(10) St. Lawrence (1-3-0),3,Mercyhurst (3-3-0),0,,,NC,Mercyhurst Ice Center,,(10) St. Lawrence (1-3-0)
2025-10-04 00:00:00 UTC,Holy Cross (3-0-0),5,Delaware (0-3-0),2,,,NC,Fred Rust Ice Arena,,Holy Cross (3-0-0)
2025-10-04 00:00:00 UTC,Providence (0-2-0),0,(8) Quinnipiac (4-0-0),5,,,NC,M&T Bank Arena,,(8) Quinnipiac (4-0-0)
2025-10-04 00:00:00 UTC,(12) Connecticut (2-2-0),3,(9) Clarkson (2-2-0),2,,,NC,Cheel Arena,,(12) Connecticut (2-2-0)
2025-10-04 00:00:00 UTC,Merrimack (1-2-1),2,Union (3-0-1),2,OT,,NC,M&T Bank Center,,Merrimack (1-2-1)
2025-10-04 00:00:00 UTC,(2) Ohio State (2-0-0),9,(7) Colgate (0-2-0),4,,,NC,Class of 1965 Arena,,(2) Ohio State (2-0-0)
2025-10-04 00:00:00 UTC,RIT (2-2-0),1,(14) Northeastern (2-0-0),3,,,NC,Matthews Arena,,(14) Northeastern (2-0-0)
2025-10-04 00:00:00 UTC,(6) Penn State (4-0-0),5,Vermont (0-2-0),3,,,NC,Gutterson Fieldhouse,,(6) Penn State (4-0-0)
2025-10-04 00:00:00 UTC,(3) Minnesota (4-0-0),5,(13) Boston University (0-2-0),2,,,NC,Walter Brown Arena,,(3) Minnesota (4-0-0)
2025-10-04 00:00:00 UTC,Syracuse (2-2-0),8,Stonehill (0-2-0),2,,,NC,Bridgewater Ice Arena,,Syracuse (2-2-0)
2025-10-04 00:00:00 UTC,RPI (1-5-0),4,Sacred Heart (1-1-0),0,,,NC,Martire Family Arena,,RPI (1-5-0)
2025-10-04 00:00:00 UTC,Boston College (1-2-0),4,Saint Anselm (2-1-0),1,,,NC,Thomas F. Sullivan Arena,,Boston College (1-2-0)
2025-10-04 00:00:00 UTC,New Hampshire (2-2-0),3,Assumption (0-4-0),0,,,NC,Worcester Ice Center,,New Hampshire (2-2-0)
2025-10-04 00:00:00 UTC,Robert Morris (2-2-0),1,Bemidji State (2-2-0),4,,,NC,Sanford Center,,Bemidji State (2-2-0)
2025-10-04 00:00:00 UTC,Lindenwood (0-6-0),2,Minnesota State (4-0-0),3,,,NC,Mayo Clinic Health System Event Center,,Minnesota State (4-0-0)
2025-10-04 00:00:00 UTC,Maine (0-4-0),0,(1) Wisconsin (4-0-0),5,,,NC,La Bahn Arena,,(1) Wisconsin (4-0-0)
2025-10-05 00:00:00 UTC,Holy Cross (3-1-0),1,Delaware (1-3-0),2,,,NC,Fred Rust Ice Arena,,Delaware (1-3-0)
2025-10-10 00:00:00 UTC,(6) Penn State (5-0-0),5,Delaware (1-4-0),0,,,AH,Fred Rust Ice Arena,,(6) Penn State (5-0-0)
2025-10-10 00:00:00 UTC,RIT (2-3-0),1,Robert Morris (3-2-0),2,OT,,AH,Clearview Ice Arena,,Robert Morris (3-2-0)
2025-10-10 00:00:00 UTC,Holy Cross (3-2-0),2,Boston College (2-2-0),4,,,HE,Silvio O. Conte Forum,,Boston College (2-2-0)
2025-10-10 00:00:00 UTC,Providence (0-3-0),0,(13) Northeastern (3-0-0),4,,,HE,Matthews Arena,,(13) Northeastern (3-0-0)
2025-10-10 00:00:00 UTC,Assumption (1-4-0),2,Post (0-5-0),0,,,NEW,Sports Center of Connecticut,,Assumption (1-4-0)
2025-10-10 00:00:00 UTC,Franklin Pierce (1-2-0),4,Sacred Heart (1-2-0),2,,,NEW,Martire Family Arena,,Franklin Pierce (1-2-0)
2025-10-10 00:00:00 UTC,LIU (3-0-0),1,St. Michael's (0-3-0),0,OT,,NEW,C. Douglas Cairns Arena,,LIU (3-0-0)
2025-10-10 00:00:00 UTC,(7) Quinnipiac (5-0-0),3,Syracuse (2-3-0),0,,,NC,Tennity Ice Skating Pavilion,,(7) Quinnipiac (5-0-0)
2025-10-10 00:00:00 UTC,Merrimack (1-3-1),3,Lindenwood (1-6-0),6,,,NC,Centene Community Ice Center,,Lindenwood (1-6-0)
2025-10-10 00:00:00 UTC,Vermont (0-2-1),1,(12) St. Lawrence (1-3-1),1,OT,,NC,Appleton Arena,,(12) St. Lawrence (1-3-1)
2025-10-10 00:00:00 UTC,(14) Boston University (0-3-0),1,(8) Colgate (1-2-0),3,,,NC,Class of 1965 Arena,,(8) Colgate (1-2-0)
2025-10-10 00:00:00 UTC,New Hampshire (2-2-1),1,Union (3-0-2),1,OT,,NC,M&T Bank Center,,Union (3-0-2)
2025-10-10 00:00:00 UTC,Saint Anselm (2-2-0),0,Maine (1-4-0),3,,,NC,Alfond Arena,,Maine (1-4-0)
2025-10-10 00:00:00 UTC,St. Thomas (5-0-0),2,Minnesota State (4-1-0),1,OT,,WC,Mayo Clinic Health System Event Center,,St. Thomas (5-0-0)
2025-10-10 00:00:00 UTC,Bemidji State (2-3-0),0,(2) Ohio State (3-0-0),6,,,WC,OSU Ice Arena,,(2) Ohio State (3-0-0)
2025-10-10 00:00:00 UTC,(10) St. Cloud State (3-2-0),1,(3) Minnesota (5-0-0),4,,,WC,Ridder Arena,,(3) Minnesota (5-0-0)
2025-10-11 00:00:00 UTC,RIT (3-3-0),5,Robert Morris (3-3-0),1,,,AH,Clearview Ice Arena,,RIT (3-3-0)
2025-10-11 00:00:00 UTC,(6) Penn State (6-0-0),7,Delaware (1-5-0),0,,,AH,Fred Rust Ice Arena,,(6) Penn State (6-0-0)
2025-10-11 00:00:00 UTC,Boston College (3-2-0),5,Providence (0-4-0),1,,,HE,Schneider Arena,,Boston College (3-2-0)
2025-10-11 00:00:00 UTC,Stonehill (0-3-0),1,Saint Anselm (3-2-0),3,,,NEW,Thomas F. Sullivan Arena,,Saint Anselm (3-2-0)
2025-10-11 00:00:00 UTC,Post (0-5-1),1,Assumption (1-4-1),1,OT,,NEW,Worcester Ice Center,,Assumption (1-4-1)
2025-10-11 00:00:00 UTC,Franklin Pierce (1-3-0),2,Sacred Heart (2-2-0),6,,,NEW,Martire Family Arena,,Sacred Heart (2-2-0)
2025-10-11 00:00:00 UTC,LIU (3-1-0),1,St. Michael's (1-3-0),3,,,NEW,C. Douglas Cairns Arena,,St. Michael's (1-3-0)
2025-10-11 00:00:00 UTC,(7) Quinnipiac (6-0-0),5,Syracuse (2-4-0),1,,,NC,Tennity Ice Skating Pavilion,,(7) Quinnipiac (6-0-0)
2025-10-11 00:00:00 UTC,Merrimack (2-3-1),3,Lindenwood (1-7-0),1,,,NC,Centene Community Ice Center,,Merrimack (2-3-1)
2025-10-11 00:00:00 UTC,Vermont (1-2-1),2,(12) St. Lawrence (1-4-1),1,OT,,NC,Appleton Arena,,Vermont (1-2-1)
2025-10-11 00:00:00 UTC,New Hampshire (3-2-1),3,Union (3-1-2),1,,,NC,M&T Bank Center,,New Hampshire (3-2-1)
2025-10-11 00:00:00 UTC,(14) Boston University (0-4-0),3,(8) Colgate (2-2-0),4,,,NC,Class of 1965 Arena,,(8) Colgate (2-2-0)
2025-10-11 00:00:00 UTC,RPI (1-6-0),1,(13) Northeastern (4-0-0),6,,,NC,Matthews Arena,,(13) Northeastern (4-0-0)
2025-10-11 00:00:00 UTC,Bemidji State (2-4-0),1,(2) Ohio State (4-0-0),2,,,WC,OSU Ice Arena,,(2) Ohio State (4-0-0)
2025-10-11 00:00:00 UTC,(4) Minnesota Duluth (4-1-0),3,(1) Wisconsin (5-0-0),4,,,WC,La Bahn Arena,,(1) Wisconsin (5-0-0)
2025-10-11 00:00:00 UTC,St. Thomas (5-1-0),0,Minnesota State (5-1-0),3,,,WC,Mayo Clinic Health System Event Center,,Minnesota State (5-1-0)
2025-10-11 00:00:00 UTC,(3) Minnesota (6-0-0),5,(10) St. Cloud State (3-3-0),3,,,WC,Herb Brooks National Hockey Center,Fox9+,(3) Minnesota (6-0-0)
2025-10-12 00:00:00 UTC,(4) Minnesota Duluth (4-2-0),0,(1) Wisconsin (6-0-0),4,,,WC,La Bahn Arena,,(1) Wisconsin (6-0-0)
2025-10-16 00:00:00 UTC,Franklin Pierce (2-3-0),2,Post (0-6-1),0,,,NEW,Sports Center of Connecticut,,Franklin Pierce (2-3-0)
2025-10-16 00:00:00 UTC,(14) St. Lawrence (2-4-1),3,RIT (3-4-0),0,,,NC,Gene Polisseni Center,,(14) St. Lawrence (2-4-1)
2025-10-17 00:00:00 UTC,(15) Mercyhurst (3-4-0),0,(6) Penn State (7-0-0),3,,,AH,Pegula Ice Arena,,(6) Penn State (7-0-0)
2025-10-17 00:00:00 UTC,Syracuse (3-4-0),2,Delaware (1-6-0),1,OT,,AH,Fred Rust Ice Arena,,Syracuse (3-4-0)
2025-10-17 00:00:00 UTC,Saint Anselm (3-3-0),5,Union (4-1-2),7,,,NC,M&T Bank Center,,Union (4-1-2)
2025-10-17 00:00:00 UTC,Vermont (1-3-1),1,(1) Wisconsin (7-0-0),8,,,NC,M&T Bank Center,,(1) Wisconsin (7-0-0)
2025-10-17 00:00:00 UTC,LIU (3-2-0),2,Assumption (2-4-1),3,OT,,NEW,Worcester Ice Center,,Assumption (2-4-1)
2025-10-17 00:00:00 UTC,Sacred Heart (2-3-0),2,Stonehill (1-3-0),3,OT,,NEW,Bridgewater Ice Arena,,Stonehill (1-3-0)
2025-10-17 00:00:00 UTC,Franklin Pierce (2-4-0),2,Post (1-6-1),3,,,NEW,Sports Center of Connecticut,,Post (1-6-1)
2025-10-17 00:00:00 UTC,(14) St. Lawrence (2-5-1),1,RIT (4-4-0),4,,,NC,Gene Polisseni Center,,RIT (4-4-0)
2025-10-17 00:00:00 UTC,Robert Morris (3-4-0),2,Yale (1-0-0),5,,,NC,Ingalls Rink,,Yale (1-0-0)
2025-10-17 00:00:00 UTC,Boston College (3-3-0),0,(5) Cornell (1-0-0),3,,,NC,Lynah Rink,,(5) Cornell (1-0-0)
2025-10-17 00:00:00 UTC,(12) Northeastern (4-1-0),3,(7) Quinnipiac (7-0-0),5,,,NC,M&T Bank Arena,,(7) Quinnipiac (7-0-0)
2025-10-17 00:00:00 UTC,St. Michael's (1-4-0),0,Harvard (1-0-0),6,,,NC,Bright-Landry Hockey Center,,Harvard (1-0-0)
2025-10-17 00:00:00 UTC,Dartmouth (0-1-0),2,Holy Cross (4-2-0),3,,,NC,Hart Recreation Center,,Holy Cross (4-2-0)
2025-10-17 00:00:00 UTC,(9) Clarkson (2-3-0),1,Providence (1-4-0),2,,,NC,Schneider Arena,,Providence (1-4-0)
2025-10-17 00:00:00 UTC,(8) Colgate (3-2-0),5,Maine (1-5-0),2,,,NC,Alfond Arena,,(8) Colgate (3-2-0)
2025-10-17 00:00:00 UTC,Brown (1-0-0),2,(13) Boston University (0-5-0),1,,,NC,Walter Brown Arena,,Brown (1-0-0)
2025-10-17 00:00:00 UTC,Princeton (0-1-0),1,(11) Connecticut (3-2-0),2,,,NC,Toscano Family Ice Forum,,(11) Connecticut (3-2-0)
2025-10-17 00:00:00 UTC,St. Thomas (5-2-0),3,(10) St. Cloud State (4-3-0),4,OT,,WC,Herb Brooks National Hockey Center,,(10) St. Cloud State (4-3-0)
2025-10-17 00:00:00 UTC,Minnesota State (5-2-0),0,(4) Minnesota Duluth (5-2-0),5,,,WC,AMSOIL Arena,My9,(4) Minnesota Duluth (5-2-0)
2025-10-18 00:00:00 UTC,(15) Mercyhurst (3-5-0),1,(6) Penn State (8-0-0),6,,,AH,Pegula Ice Arena,,(6) Penn State (8-0-0)
2025-10-18 00:00:00 UTC,Syracuse (4-4-0),1,Delaware (1-7-0),0,,,AH,Fred Rust Ice Arena,,Syracuse (4-4-0)
2025-10-18 00:00:00 UTC,(1) Wisconsin (8-0-0),4,Union (4-2-2),0,,,NC,M&T Bank Center,,(1) Wisconsin (8-0-0)
2025-10-18 00:00:00 UTC,Saint Anselm (3-4-0),1,Vermont (2-3-1),3,,,NC,M&T Bank Center,,Vermont (2-3-1)
2025-10-18 00:00:00 UTC,LIU (3-3-0),1,Assumption (3-4-1),2,OT,,NEW,Worcester Ice Center,,Assumption (3-4-1)
2025-10-18 00:00:00 UTC,Sacred Heart (2-4-0),0,Stonehill (2-3-0),2,,,NEW,Bridgewater Ice Arena,,Stonehill (2-3-0)
2025-10-18 00:00:00 UTC,Robert Morris (3-5-0),0,Yale (2-0-0),4,,,NC,Ingalls Rink,,Yale (2-0-0)
2025-10-18 00:00:00 UTC,Boston College (3-4-0),2,(5) Cornell (2-0-0),4,,,NC,Lynah Rink,,(5) Cornell (2-0-0)
2025-10-18 00:00:00 UTC,(12) Northeastern (4-2-0),2,(7) Quinnipiac (8-0-0),4,,,NC,M&T Bank Arena,,(7) Quinnipiac (8-0-0)
2025-10-18 00:00:00 UTC,Harvard (2-0-0),2,New Hampshire (3-3-1),1,,,NC,Whittemore Center,,Harvard (2-0-0)
2025-10-18 00:00:00 UTC,Dartmouth (0-2-0),0,Holy Cross (5-2-0),2,,,NC,Hart Recreation Center,,Holy Cross (5-2-0)
2025-10-18 00:00:00 UTC,(8) Colgate (3-3-0),1,Maine (2-5-0),2,,,NC,Alfond Arena,,Maine (2-5-0)
2025-10-18 00:00:00 UTC,(9) Clarkson (3-3-0),3,Providence (1-5-0),0,,,NC,Schneider Arena,,(9) Clarkson (3-3-0)
2025-10-18 00:00:00 UTC,Princeton (0-2-0),0,(11) Connecticut (4-2-0),3,,,NC,Toscano Family Ice Forum,,(11) Connecticut (4-2-0)
2025-10-18 00:00:00 UTC,(2) Ohio State (5-0-0),4,(3) Minnesota (6-1-0),1,,,WC,Ridder Arena,,(2) Ohio State (5-0-0)
2025-10-18 00:00:00 UTC,St. Thomas (6-2-0),4,(10) St. Cloud State (4-4-0),3,OT,,WC,Herb Brooks National Hockey Center,,St. Thomas (6-2-0)
2025-10-18 00:00:00 UTC,Minnesota State (5-3-0),1,(4) Minnesota Duluth (6-2-0),3,,,WC,AMSOIL Arena,My9,(4) Minnesota Duluth (6-2-0)
2025-10-19 00:00:00 UTC,Merrimack (2-4-1),0,Brown (2-0-0),1,,,NC,Meehan Auditorium,,Brown (2-0-0)
2025-10-19 00:00:00 UTC,(2) Ohio State (5-1-0),3,(3) Minnesota (7-1-0),6,,,WC,Ridder Arena,Fox9+,(3) Minnesota (7-1-0)
2025-10-24 00:00:00 UTC,Syracuse (5-4-0),5,RIT (4-5-0),2,,,AH,Gene Polisseni Center,,Syracuse (5-4-0)
2025-10-24 00:00:00 UTC,Lindenwood (1-8-0),1,(6) Penn State (9-0-0),6,,,AH,Pegula Ice Arena,,(6) Penn State (9-0-0)
2025-10-24 00:00:00 UTC,Robert Morris (4-5-0),5,Delaware (1-8-0),0,,,AH,Fred Rust Ice Arena,,Robert Morris (4-5-0)
2025-10-24 00:00:00 UTC,(9) Colgate (3-4-0),2,Dartmouth (1-2-0),4,,,EC,Thompson Arena,,Dartmouth (1-2-0)
2025-10-24 00:00:00 UTC,St. Lawrence (3-5-1),3,RPI (1-7-0),2,,,EC,Houston Fieldhouse,,St. Lawrence (3-5-1)
2025-10-24 00:00:00 UTC,(5) Cornell (3-0-0),5,Harvard (2-1-0),2,,,EC,Bright-Landry Hockey Center,,(5) Cornell (3-0-0)
2025-10-24 00:00:00 UTC,(7) Quinnipiac (9-0-0),3,(13) Yale (2-1-0),1,,,EC,Ingalls Rink,,(7) Quinnipiac (9-0-0)
2025-10-24 00:00:00 UTC,(10) Clarkson (4-3-0),5,Union (4-3-2),2,,,EC,M&T Bank Center,,(10) Clarkson (4-3-0)
2025-10-24 00:00:00 UTC,Princeton (1-2-0),4,Brown (2-1-0),2,,,EC,Meehan Auditorium,,Princeton (1-2-0)
2025-10-24 00:00:00 UTC,New Hampshire (3-4-1),2,(15) Boston University (1-5-0),4,,,HE,Walter Brown Arena,,(15) Boston University (1-5-0)
2025-10-24 00:00:00 UTC,Saint Anselm (3-5-0),3,Stonehill (3-3-0),4,OT,,NEW,Warrior Ice Arena,,Stonehill (3-3-0)
2025-10-24 00:00:00 UTC,St. Michael's (1-5-0),1,Sacred Heart (3-4-0),6,,,NEW,Martire Family Arena,,Sacred Heart (3-4-0)
2025-10-24 00:00:00 UTC,(8) Connecticut (4-2-1),1,Mercyhurst (3-5-1),1,OT,,NC,Mercyhurst Ice Center,,(8) Connecticut (4-2-1)
2025-10-24 00:00:00 UTC,Post (1-7-1),0,Holy Cross (6-2-0),2,,,NC,Hart Recreation Center,,Holy Cross (6-2-0)
2025-10-24 00:00:00 UTC,Franklin Pierce (2-5-0),0,Vermont (3-3-1),3,,,NC,Gutterson Fieldhouse,,Vermont (3-3-1)
2025-10-24 00:00:00 UTC,Providence (2-5-0),7,(13) St. Thomas (6-3-0),6,OT,,NC,Lee & Penny Anderson Arena,Fox9+,Providence (2-5-0)
2025-10-24 00:00:00 UTC,(11) St. Cloud State (4-5-0),1,(2) Ohio State (6-1-0),5,,,WC,OSU Ice Arena,,(2) Ohio State (6-1-0)
2025-10-24 00:00:00 UTC,(3) Minnesota (8-1-0),4,(4) Minnesota Duluth (6-3-0),0,,,WC,AMSOIL Arena,My9,(3) Minnesota (8-1-0)
2025-10-25 00:00:00 UTC,Lindenwood (1-9-0),0,(6) Penn State (10-0-0),5,,,AH,Pegula Ice Arena,,(6) Penn State (10-0-0)
2025-10-25 00:00:00 UTC,RIT (5-5-0),4,Syracuse (5-5-0),1,,,AH,Tennity Ice Skating Pavilion,,RIT (5-5-0)
2025-10-25 00:00:00 UTC,Robert Morris (5-5-0),5,Delaware (1-9-0),0,,,AH,Fred Rust Ice Arena,,Robert Morris (5-5-0)
2025-10-25 00:00:00 UTC,(7) Quinnipiac (9-1-0),0,Brown (3-1-0),1,,,EC,Meehan Auditorium,,Brown (3-1-0)
2025-10-25 00:00:00 UTC,(5) Cornell (4-0-0),5,Dartmouth (1-3-0),0,,,EC,Thompson Arena,,(5) Cornell (4-0-0)
2025-10-25 00:00:00 UTC,St. Lawrence (4-5-1),3,Union (4-4-2),2,,,EC,M&T Bank Center,,St. Lawrence (4-5-1)
2025-10-25 00:00:00 UTC,(10) Clarkson (5-3-0),7,RPI (1-8-0),1,,,EC,Houston Fieldhouse,,(10) Clarkson (5-3-0)
2025-10-25 00:00:00 UTC,(9) Colgate (4-4-0),5,Harvard (2-2-0),0,,,EC,Bright-Landry Hockey Center,,(9) Colgate (4-4-0)
2025-10-25 00:00:00 UTC,Princeton (1-3-0),3,(13) Yale (3-1-0),4,OT,,EC,Ingalls Rink,,(13) Yale (3-1-0)
2025-10-25 00:00:00 UTC,Boston College (4-4-0),2,Merrimack (2-5-1),1,,,HE,J. Thom Lawler Arena,,Boston College (4-4-0)
2025-10-25 00:00:00 UTC,St. Michael's (1-6-0),0,Sacred Heart (4-4-0),6,,,NEW,Martire Family Arena,,Sacred Heart (4-4-0)
2025-10-25 00:00:00 UTC,(8) Connecticut (5-2-1),4,Mercyhurst (3-6-1),3,,,NC,Mercyhurst Ice Center,,(8) Connecticut (5-2-1)
2025-10-25 00:00:00 UTC,Franklin Pierce (3-5-0),3,Vermont (3-4-1),1,,,NC,Gutterson Fieldhouse,,Franklin Pierce (3-5-0)
2025-10-25 00:00:00 UTC,Providence (2-6-0),1,(13) St. Thomas (7-3-0),5,,,NC,Lee & Penny Anderson Arena,,(13) St. Thomas (7-3-0)
2025-10-25 00:00:00 UTC,(3) Minnesota (9-1-0),3,(4) Minnesota Duluth (6-4-0),2,,,WC,AMSOIL Arena,"My9, Fox9+",(3) Minnesota (9-1-0)
2025-10-25 00:00:00 UTC,Minnesota State (5-4-0),0,(1) Wisconsin (9-0-0),4,,,WC,La Bahn Arena,,(1) Wisconsin (9-0-0)
2025-10-25 00:00:00 UTC,(11) St. Cloud State (4-6-0),2,(2) Ohio State (7-1-0),4,,,WC,OSU Ice Arena,,(2) Ohio State (7-1-0)
2025-10-26 00:00:00 UTC,Holy Cross (7-2-0),5,Post (1-8-1),0,,,NC,Sports Center of Connecticut,,Holy Cross (7-2-0)
2025-10-26 00:00:00 UTC,Minnesota State (5-5-0),0,(1) Wisconsin (10-0-0),8,,,WC,La Bahn Arena,,(1) Wisconsin (10-0-0)
2025-10-28 00:00:00 UTC,Syracuse (5-6-0),0,(4) Cornell (5-0-0),5,,,NC,Lynah Rink,,(4) Cornell (5-0-0)
2025-10-31 00:00:00 UTC,(6) Penn State (11-0-0),4,Robert Morris (5-6-0),0,,,AH,Clearview Ice Arena,,(6) Penn State (11-0-0)
2025-10-31 00:00:00 UTC,Lindenwood (2-9-0),3,RIT (5-6-0),0,,,AH,Gene Polisseni Center,,Lindenwood (2-9-0)
2025-10-31 00:00:00 UTC,Delaware (1-10-0),2,Mercyhurst (4-6-1),3,OT,,AH,Mercyhurst Ice Center,,Mercyhurst (4-6-1)
2025-10-31 00:00:00 UTC,RPI (1-9-0),3,Princeton (2-3-0),4,OT,,EC,Hobey Baker Rink,,Princeton (2-3-0)
2025-10-31 00:00:00 UTC,(15) Brown (3-1-1),3,(11) Colgate (4-4-1),3,OT,,EC,Class of 1965 Arena,,(15) Brown (3-1-1)
2025-10-31 00:00:00 UTC,Dartmouth (1-4-0),1,St. Lawrence (5-5-1),2,OT,,EC,Appleton Arena,,St. Lawrence (5-5-1)
2025-10-31 00:00:00 UTC,Union (4-5-2),1,(7) Quinnipiac (10-1-0),6,,,EC,M&T Bank Arena,,(7) Quinnipiac (10-1-0)
2025-10-31 00:00:00 UTC,(14) Yale (3-2-0),0,(4) Cornell (6-0-0),3,,,EC,Lynah Rink,,(4) Cornell (6-0-0)
2025-10-31 00:00:00 UTC,Harvard (2-3-0),1,(9) Clarkson (6-3-0),2,,,EC,Cheel Arena,,(9) Clarkson (6-3-0)
2025-10-31 00:00:00 UTC,Maine (2-6-0),2,Providence (3-6-0),3,OT,,HE,Schneider Arena,,Providence (3-6-0)
2025-10-31 00:00:00 UTC,Boston College (4-5-0),3,Vermont (4-4-1),4,,,HE,Gutterson Fieldhouse,,Vermont (4-4-1)
2025-10-31 00:00:00 UTC,New Hampshire (4-4-1),8,Merrimack (2-6-1),2,,,HE,J. Thom Lawler Arena,,New Hampshire (4-4-1)
2025-10-31 00:00:00 UTC,(12) Northeastern (5-2-0),3,Boston University (1-6-0),1,,,HE,Walter Brown Arena,,(12) Northeastern (5-2-0)
2025-10-31 00:00:00 UTC,Assumption (4-4-1),3,Franklin Pierce (3-6-0),2,OT,,NEW,Jason Ritchie Ice Arena,,Assumption (4-4-1)
2025-10-31 00:00:00 UTC,Post (2-8-1),5,St. Michael's (1-7-0),0,,,NEW,C. Douglas Cairns Arena,,Post (2-8-1)
2025-10-31 00:00:00 UTC,Sacred Heart (4-5-0),1,Saint Anselm (4-5-0),4,,,NEW,Thomas F. Sullivan Arena,,Saint Anselm (4-5-0)
2025-10-31 00:00:00 UTC,Stonehill (3-3-1),1,LIU (3-3-1),1,OT,,NEW,Northwell Health Ice Center,,Stonehill (3-3-1)
2025-10-31 00:00:00 UTC,Bemidji State (2-4-1),2,Minnesota State (5-5-1),2,OT,,WC,Mayo Clinic Health System Event Center,,Minnesota State (5-5-1)
2025-10-31 00:00:00 UTC,(3) Minnesota (10-1-0),5,(1) Wisconsin (10-1-0),1,,,WC,La Bahn Arena,,(3) Minnesota (10-1-0)
2025-10-31 00:00:00 UTC,(5) Minnesota Duluth (7-4-0),5,(10) St. Cloud State (4-7-0),3,,,WC,Herb Brooks National Hockey Center,,(5) Minnesota Duluth (7-4-0)
2025-10-31 00:00:00 UTC,(2) Ohio State (8-1-0),3,(13) St. Thomas (7-4-0),2,OT,,WC,Lee & Penny Anderson Arena,,(2) Ohio State (8-1-0)
2025-11-01 00:00:00 UTC,(6) Penn State (12-0-0),4,Robert Morris (5-7-0),0,,,AH,Clearview Ice Arena,,(6) Penn State (12-0-0)
2025-11-01 00:00:00 UTC,Lindenwood (2-10-0),1,RIT (6-6-0),7,,,AH,Gene Polisseni Center,,RIT (6-6-0)
2025-11-01 00:00:00 UTC,Delaware (1-11-0),0,Mercyhurst (5-6-1),4,,,AH,Mercyhurst Ice Center,,Mercyhurst (5-6-1)
2025-11-01 00:00:00 UTC,Union (4-6-2),2,Princeton (3-3-0),5,,,EC,Hobey Baker Rink,,Princeton (3-3-0)
2025-11-01 00:00:00 UTC,Dartmouth (2-4-0),3,(9) Clarkson (6-4-0),0,,,EC,Cheel Arena,,Dartmouth (2-4-0)
2025-11-01 00:00:00 UTC,RPI (1-10-0),0,(7) Quinnipiac (11-1-0),8,,,EC,M&T Bank Arena,,(7) Quinnipiac (11-1-0)
2025-11-01 00:00:00 UTC,(15) Brown (3-2-1),1,(4) Cornell (7-0-0),5,,,EC,Lynah Rink,,(4) Cornell (7-0-0)
2025-11-01 00:00:00 UTC,(14) Yale (4-2-0),5,(11) Colgate (4-5-1),4,OT,,EC,Class of 1965 Arena,,(14) Yale (4-2-0)
2025-11-01 00:00:00 UTC,Harvard (3-3-0),1,St. Lawrence (5-6-1),0,,,EC,Appleton Arena,,Harvard (3-3-0)
2025-11-01 00:00:00 UTC,Maine (2-6-1),1,Providence (3-6-1),1,OT,,HE,Schneider Arena,,Providence (3-6-1)
2025-11-01 00:00:00 UTC,Holy Cross (7-3-0),3,(8) Connecticut (6-2-1),4,OT,,HE,Toscano Family Ice Forum,,(8) Connecticut (6-2-1)
2025-11-01 00:00:00 UTC,Boston College (4-5-1),0,Vermont (4-4-2),0,OT,,HE,Gutterson Fieldhouse,,Boston College (4-5-1)
2025-11-01 00:00:00 UTC,Boston University (1-7-0),3,(12) Northeastern (6-2-0),7,,,HE,Matthews Arena,,(12) Northeastern (6-2-0)
2025-11-01 00:00:00 UTC,Merrimack (2-7-1),2,New Hampshire (5-4-1),5,,,HE,Whittemore Center,,New Hampshire (5-4-1)
2025-11-01 00:00:00 UTC,Franklin Pierce (4-6-0),2,Assumption (4-5-1),1,,,NEW,Worcester Ice Center,,Franklin Pierce (4-6-0)
2025-11-01 00:00:00 UTC,Post (3-8-1),3,St. Michael's (1-8-0),2,,,NEW,C. Douglas Cairns Arena,,Post (3-8-1)
2025-11-01 00:00:00 UTC,Stonehill (4-3-1),4,LIU (3-4-1),2,,,NEW,Northwell Health Ice Center,,Stonehill (4-3-1)
2025-11-01 00:00:00 UTC,Sacred Heart (4-6-0),1,Saint Anselm (5-5-0),3,,,NEW,Thomas F. Sullivan Arena,,Saint Anselm (5-5-0)
2025-11-01 00:00:00 UTC,Bemidji State (2-5-1),0,Minnesota State (6-5-1),2,,,WC,Mayo Clinic Health System Event Center,,Minnesota State (6-5-1)
2025-11-01 00:00:00 UTC,(2) Ohio State (9-1-0),8,(13) St. Thomas (7-5-0),0,,,WC,Lee & Penny Anderson Arena,,(2) Ohio State (9-1-0)
2025-11-01 00:00:00 UTC,(5) Minnesota Duluth (8-4-0),3,(10) St. Cloud State (4-8-0),2,,,WC,Herb Brooks National Hockey Center,,(5) Minnesota Duluth (8-4-0)
2025-11-01 00:00:00 UTC,(3) Minnesota (10-2-0),2,(1) Wisconsin (11-1-0),7,,,WC,La Bahn Arena,,(1) Wisconsin (11-1-0)
2025-11-02 00:00:00 UTC,(8) Connecticut (7-2-1),3,Holy Cross (7-4-0),2,,,HE,Hart Recreation Center,,(8) Connecticut (7-2-1)
2025-11-04 00:00:00 UTC,(12) Yale (5-2-0),2,Saint Anselm (5-6-0),0,,,NC,Thomas F. Sullivan Arena,,(12) Yale (5-2-0)
2025-11-07 00:00:00 UTC,Syracuse (6-6-0),2,Lindenwood (2-11-0),1,OT,,AH,Centene Community Ice Center,,Syracuse (6-6-0)
2025-11-07 00:00:00 UTC,Mercyhurst (6-6-1),5,Robert Morris (5-8-0),1,,,AH,Clearview Ice Arena,,Mercyhurst (6-6-1)
2025-11-07 00:00:00 UTC,Union (4-7-2),1,RPI (2-10-0),2,OT,,EC,Houston Fieldhouse,,RPI (2-10-0)
2025-11-07 00:00:00 UTC,Harvard (3-3-1),1,Dartmouth (2-4-1),1,OT,,EC,Thompson Arena,,Dartmouth (2-4-1)
2025-11-07 00:00:00 UTC,St. Lawrence (5-7-1),2,(7) Quinnipiac (12-1-0),3,OT,,EC,M&T Bank Arena,,(7) Quinnipiac (12-1-0)
2025-11-07 00:00:00 UTC,(11) Clarkson (6-5-0),0,Princeton (4-3-0),1,OT,,EC,Hobey Baker Rink,,Princeton (4-3-0)
2025-11-07 00:00:00 UTC,(8) Connecticut (8-2-1),3,Boston College (4-6-1),1,,,HE,Silvio O. Conte Forum,,(8) Connecticut (8-2-1)
2025-11-07 00:00:00 UTC,Boston University (1-8-0),1,Maine (3-6-1),3,,,HE,Alfond Arena,,Maine (3-6-1)
2025-11-07 00:00:00 UTC,Holy Cross (8-4-0),2,Merrimack (2-8-1),1,,,HE,J. Thom Lawler Arena,,Holy Cross (8-4-0)
2025-11-07 00:00:00 UTC,Providence (3-7-1),2,New Hampshire (6-4-1),4,,,HE,Whittemore Center,,New Hampshire (6-4-1)
2025-11-07 00:00:00 UTC,Vermont (4-5-2),0,(9) Northeastern (7-2-0),3,,,HE,Matthews Arena,,(9) Northeastern (7-2-0)
2025-11-07 00:00:00 UTC,Saint Anselm (6-6-0),4,Post (3-9-1),2,,,NEW,Sports Center of Connecticut,,Saint Anselm (6-6-0)
2025-11-07 00:00:00 UTC,Assumption (4-6-1),1,Stonehill (5-3-1),4,,,NEW,Warrior Ice Arena,,Stonehill (5-3-1)
2025-11-07 00:00:00 UTC,Franklin Pierce (4-7-0),0,LIU (4-4-1),2,,,NEW,Northwell Health Ice Center,,LIU (4-4-1)
2025-11-07 00:00:00 UTC,RIT (6-7-0),2,(13) Colgate (5-5-1),5,,,NC,Class of 1965 Arena,,(13) Colgate (5-5-1)
2025-11-07 00:00:00 UTC,(14) St. Thomas (8-5-0),5,Bemidji State (2-6-1),0,,,WC,Sanford Center,,(14) St. Thomas (8-5-0)
2025-11-08 00:00:00 UTC,Syracuse (6-7-0),1,Lindenwood (3-11-0),4,,,AH,Centene Community Ice Center,,Lindenwood (3-11-0)
2025-11-08 00:00:00 UTC,Mercyhurst (7-6-1),7,Robert Morris (5-9-0),2,,,AH,Clearview Ice Arena,,Mercyhurst (7-6-1)
2025-11-08 00:00:00 UTC,St. Lawrence (6-7-1),1,Princeton (4-4-0),0,,,EC,Hobey Baker Rink,,St. Lawrence (6-7-1)
2025-11-08 00:00:00 UTC,(11) Clarkson (6-5-1),0,(7) Quinnipiac (12-1-1),0,OT,,EC,M&T Bank Arena,,(11) Clarkson (6-5-1)
2025-11-08 00:00:00 UTC,RPI (2-11-0),4,Union (5-7-2),7,,,EC,M&T Bank Center,,Union (5-7-2)
2025-11-08 00:00:00 UTC,Dartmouth (2-5-1),0,Harvard (4-3-1),3,,,EC,Bright-Landry Hockey Center,,Harvard (4-3-1)
2025-11-08 00:00:00 UTC,Boston University (2-8-0),2,Maine (3-7-1),1,,,HE,Alfond Arena,NESN,Boston University (2-8-0)
2025-11-08 00:00:00 UTC,Merrimack (2-9-1),1,Holy Cross (9-4-0),2,,,HE,Hart Recreation Center,,Holy Cross (9-4-0)
2025-11-08 00:00:00 UTC,Vermont (4-6-2),2,(9) Northeastern (8-2-0),3,,,HE,Matthews Arena,,(9) Northeastern (8-2-0)
2025-11-08 00:00:00 UTC,New Hampshire (6-5-1),1,Providence (4-7-1),5,,,HE,Schneider Arena,,Providence (4-7-1)
2025-11-08 00:00:00 UTC,Boston College (5-6-1),2,(8) Connecticut (8-3-1),1,,,HE,Toscano Family Ice Forum,,Boston College (5-6-1)
2025-11-08 00:00:00 UTC,Saint Anselm (7-6-0),4,Post (3-10-1),0,,,NEW,Sports Center of Connecticut,,Saint Anselm (7-6-0)
2025-11-08 00:00:00 UTC,Stonehill (5-4-1),0,Assumption (5-6-1),3,,,NEW,Worcester Ice Center,,Assumption (5-6-1)
2025-11-08 00:00:00 UTC,Franklin Pierce (5-7-0),3,LIU (4-5-1),0,,,NEW,Northwell Health Ice Center,,Franklin Pierce (5-7-0)
2025-11-08 00:00:00 UTC,Delaware (1-12-0),0,(15) Brown (4-2-1),3,,,NC,Meehan Auditorium,,(15) Brown (4-2-1)
2025-11-08 00:00:00 UTC,RIT (7-7-0),3,(13) Colgate (5-6-1),1,,,NC,Class of 1965 Arena,,RIT (7-7-0)
2025-11-08 00:00:00 UTC,(14) St. Thomas (8-6-0),1,Bemidji State (3-6-1),2,,,WC,Sanford Center,,Bemidji State (3-6-1)
2025-11-09 00:00:00 UTC,Delaware (1-13-0),2,(15) Brown (5-2-1),3,OT,,NC,Meehan Auditorium,,(15) Brown (5-2-1)
2025-11-12 00:00:00 UTC,St. Lawrence (6-8-1),1,(12) Clarkson (7-5-1),6,,,NC,Cheel Arena,,(12) Clarkson (7-5-1)
2025-11-13 00:00:00 UTC,Boston University (2-9-0),2,Boston College (6-6-1),5,,,HE,Silvio O. Conte Forum,,Boston College (6-6-1)
2025-11-14 00:00:00 UTC,Syracuse (6-8-0),0,(6) Penn State (13-0-0),7,,,AH,Pegula Ice Arena,,(6) Penn State (13-0-0)
2025-11-14 00:00:00 UTC,RIT (7-8-0),0,Mercyhurst (8-6-1),1,,,AH,Mercyhurst Ice Center,,Mercyhurst (8-6-1)
2025-11-14 00:00:00 UTC,Lindenwood (3-12-0),3,Delaware (2-13-0),5,,,AH,Fred Rust Ice Arena,,Delaware (2-13-0)
2025-11-14 00:00:00 UTC,(4) Cornell (7-1-0),0,(14) Colgate (6-6-1),3,,,EC,Class of 1965 Arena,,(14) Colgate (6-6-1)
2025-11-14 00:00:00 UTC,Dartmouth (2-6-1),0,(13) Brown (6-2-1),4,,,EC,Meehan Auditorium,,(13) Brown (6-2-1)
2025-11-14 00:00:00 UTC,Harvard (5-3-1),4,(10) Yale (5-3-0),1,,,EC,Ingalls Rink,,Harvard (5-3-1)
2025-11-14 00:00:00 UTC,Maine (4-7-1),2,Holy Cross (9-5-0),1,,,HE,Hart Recreation Center,,Maine (4-7-1)
2025-11-14 00:00:00 UTC,Merrimack (2-10-1),1,(8) Northeastern (9-2-0),4,,,HE,Matthews Arena,,(8) Northeastern (9-2-0)
2025-11-14 00:00:00 UTC,New Hampshire (7-5-1),4,Vermont (4-7-2),3,,,HE,Gutterson Fieldhouse,,New Hampshire (7-5-1)
2025-11-14 00:00:00 UTC,Boston College (7-6-1),3,Boston University (2-10-0),2,,,HE,Agganis Arena,,Boston College (7-6-1)
2025-11-14 00:00:00 UTC,Franklin Pierce (6-7-0),5,Stonehill (5-5-1),4,OT,,NEW,Warrior Ice Arena,,Franklin Pierce (6-7-0)
2025-11-14 00:00:00 UTC,Assumption (6-6-1),6,St. Michael's (1-9-0),1,,,NEW,C. Douglas Cairns Arena,,Assumption (6-6-1)
2025-11-14 00:00:00 UTC,LIU (4-6-1),1,Saint Anselm (8-6-0),2,,,NEW,Thomas F. Sullivan Arena,,Saint Anselm (8-6-0)
2025-11-14 00:00:00 UTC,RPI (3-11-0),1,Robert Morris (5-10-0),0,,,NC,Clearview Ice Arena,,RPI (3-11-0)
2025-11-14 00:00:00 UTC,Providence (4-8-1),0,Princeton (5-4-0),3,,,NC,Hobey Baker Rink,,Princeton (5-4-0)
2025-11-14 00:00:00 UTC,Minnesota State (6-6-1),2,(3) Ohio State (10-1-0),5,,,WC,OSU Ice Arena,,(3) Ohio State (10-1-0)
2025-11-14 00:00:00 UTC,(5) Minnesota Duluth (9-4-0),3,(15) St. Thomas (8-7-0),1,,,WC,Lee & Penny Anderson Arena,,(5) Minnesota Duluth (9-4-0)
2025-11-14 00:00:00 UTC,(1) Wisconsin (12-1-0),5,(10) St. Cloud State (4-9-0),1,,,WC,Herb Brooks National Hockey Center,,(1) Wisconsin (12-1-0)
2025-11-14 00:00:00 UTC,Bemidji State (3-7-1),2,(2) Minnesota (11-2-0),6,,,WC,Ridder Arena,,(2) Minnesota (11-2-0)
2025-11-15 00:00:00 UTC,Lindenwood (4-12-0),5,Delaware (2-14-0),0,,,AH,Fred Rust Ice Arena,,Lindenwood (4-12-0)
2025-11-15 00:00:00 UTC,Syracuse (6-9-0),2,(6) Penn State (14-0-0),11,,,AH,Pegula Ice Arena,,(6) Penn State (14-0-0)
2025-11-15 00:00:00 UTC,RIT (8-8-0),1,Mercyhurst (8-7-1),0,,,AH,Mercyhurst Ice Center,,RIT (8-8-0)
2025-11-15 00:00:00 UTC,Dartmouth (2-7-1),0,(10) Yale (6-3-0),5,,,EC,Ingalls Rink,,(10) Yale (6-3-0)
2025-11-15 00:00:00 UTC,Harvard (5-4-1),3,(13) Brown (7-2-1),4,OT,,EC,Meehan Auditorium,,(13) Brown (7-2-1)
2025-11-15 00:00:00 UTC,(14) Colgate (6-7-1),3,(4) Cornell (8-1-0),4,OT,,EC,Lynah Rink,,(4) Cornell (8-1-0)
2025-11-15 00:00:00 UTC,New Hampshire (7-6-1),0,Vermont (5-7-2),4,,,HE,Gutterson Fieldhouse,,Vermont (5-7-2)
2025-11-15 00:00:00 UTC,Maine (4-8-1),1,Holy Cross (10-5-0),3,,,HE,Hart Recreation Center,,Holy Cross (10-5-0)
2025-11-15 00:00:00 UTC,(8) Northeastern (10-2-0),5,Merrimack (2-11-1),0,,,HE,J. Thom Lawler Arena,,(8) Northeastern (10-2-0)
2025-11-15 00:00:00 UTC,Assumption (7-6-1),5,St. Michael's (1-10-0),0,,,NEW,C. Douglas Cairns Arena,,Assumption (7-6-1)
2025-11-15 00:00:00 UTC,Stonehill (5-6-1),2,Franklin Pierce (7-7-0),4,,,NEW,Jason Ritchie Ice Arena,,Franklin Pierce (7-7-0)
2025-11-15 00:00:00 UTC,LIU (4-7-1),2,Saint Anselm (9-6-0),8,,,NEW,Thomas F. Sullivan Arena,,Saint Anselm (9-6-0)
2025-11-15 00:00:00 UTC,RPI (4-11-0),3,Robert Morris (5-11-0),2,,,NC,Clearview Ice Arena,,RPI (4-11-0)
2025-11-15 00:00:00 UTC,Providence (4-9-1),1,Princeton (6-4-0),3,,,NC,Hobey Baker Rink,,Princeton (6-4-0)
2025-11-15 00:00:00 UTC,(5) Minnesota Duluth (10-4-0),4,(15) St. Thomas (8-8-0),2,,,WC,Lee & Penny Anderson Arena,,(5) Minnesota Duluth (10-4-0)
2025-11-15 00:00:00 UTC,(1) Wisconsin (12-1-1),4,(10) St. Cloud State (4-9-1),4,OT,,WC,Herb Brooks National Hockey Center,,(1) Wisconsin (12-1-1)
2025-11-15 00:00:00 UTC,Minnesota State (6-7-1),3,(3) Ohio State (11-1-0),7,,,WC,OSU Ice Arena,,(3) Ohio State (11-1-0)
2025-11-15 00:00:00 UTC,Bemidji State (3-8-1),2,(2) Minnesota (12-2-0),9,,,WC,Ridder Arena,,(2) Minnesota (12-2-0)
2025-11-18 00:00:00 UTC,Sacred Heart (4-7-0),0,Post (4-10-1),3,,,NEW,Sports Center of Connecticut,,Post (4-10-1)
2025-11-20 00:00:00 UTC,(7) Quinnipiac (12-2-1),3,Princeton (7-4-0),4,OT,,EC,Hobey Baker Rink,,Princeton (7-4-0)
2025-11-20 00:00:00 UTC,(15) St. Thomas (8-9-0),0,(1) Wisconsin (13-1-1),8,,,WC,La Bahn Arena,,(1) Wisconsin (13-1-1)
2025-11-21 00:00:00 UTC,(6) Penn State (15-0-0),5,RIT (8-9-0),3,,,AH,Gene Polisseni Center,,(6) Penn State (15-0-0)
2025-11-21 00:00:00 UTC,Mercyhurst (8-7-2),2,Syracuse (6-9-1),2,OT,,AH,Tennity Ice Skating Pavilion,,Syracuse (6-9-1)
2025-11-21 00:00:00 UTC,Robert Morris (5-11-1),2,Lindenwood (4-12-1),2,OT,,AH,Centene Community Ice Center,,Robert Morris (5-11-1)
2025-11-21 00:00:00 UTC,(12) Brown (7-3-1),2,(11) Clarkson (8-5-1),4,,,EC,Cheel Arena,,(11) Clarkson (8-5-1)
2025-11-21 00:00:00 UTC,(14) Yale (7-3-0),3,St. Lawrence (6-9-1),2,OT,,EC,Appleton Arena,,(14) Yale (7-3-0)
2025-11-21 00:00:00 UTC,(13) Colgate (7-7-1),5,RPI (4-12-0),2,,,EC,Houston Fieldhouse,,(13) Colgate (7-7-1)
2025-11-21 00:00:00 UTC,(4) Cornell (8-2-0),3,Union (6-7-2),4,OT,,EC,M&T Bank Center,,Union (6-7-2)
2025-11-21 00:00:00 UTC,Vermont (5-8-2),0,(9) Connecticut (9-3-1),4,,,HE,Toscano Family Ice Forum,,(9) Connecticut (9-3-1)
2025-11-21 00:00:00 UTC,(8) Northeastern (11-2-0),3,Maine (4-9-1),1,,,HE,Alfond Arena,,(8) Northeastern (11-2-0)
2025-11-21 00:00:00 UTC,New Hampshire (7-6-2),1,Holy Cross (10-5-1),1,OT,,HE,Hart Recreation Center,,Holy Cross (10-5-1)
2025-11-21 00:00:00 UTC,Providence (4-10-1),1,Boston University (3-10-0),4,,,HE,Walter Brown Arena,,Boston University (3-10-0)
2025-11-21 00:00:00 UTC,Saint Anselm (10-6-0),4,Assumption (7-7-1),3,OT,,NEW,Worcester Ice Center,,Saint Anselm (10-6-0)
2025-11-21 00:00:00 UTC,Post (5-10-1),3,Stonehill (5-7-1),2,,,NEW,Bridgewater Ice Arena,,Post (5-10-1)
2025-11-21 00:00:00 UTC,St. Michael's (1-11-0),0,Franklin Pierce (8-7-0),2,,,NEW,Jason Ritchie Ice Arena,,Franklin Pierce (8-7-0)
2025-11-21 00:00:00 UTC,Sacred Heart (5-7-0),5,LIU (4-8-1),1,,,NEW,Northwell Health Ice Center,,Sacred Heart (5-7-0)
2025-11-21 00:00:00 UTC,(10) St. Cloud State (5-9-1),4,Bemidji State (3-9-1),0,,,WC,Sanford Center,,(10) St. Cloud State (5-9-1)
2025-11-21 00:00:00 UTC,Minnesota State (7-7-1),3,(2) Minnesota (12-3-0),1,,,WC,Ridder Arena,,Minnesota State (7-7-1)
2025-11-21 00:00:00 UTC,(15) St. Thomas (8-10-0),3,(1) Wisconsin (14-1-1),4,OT,,WC,La Bahn Arena,,(1) Wisconsin (14-1-1)
2025-11-21 00:00:00 UTC,(3) Ohio State (12-1-0),3,(5) Minnesota Duluth (10-5-0),1,,,WC,AMSOIL Arena,My9,(3) Ohio State (12-1-0)
2025-11-22 00:00:00 UTC,(6) Penn State (16-0-0),4,RIT (8-10-0),3,,,AH,Gene Polisseni Center,,(6) Penn State (16-0-0)
2025-11-22 00:00:00 UTC,Mercyhurst (9-7-2),3,Syracuse (6-10-1),2,,,AH,Tennity Ice Skating Pavilion,,Mercyhurst (9-7-2)
2025-11-22 00:00:00 UTC,Robert Morris (6-11-1),3,Lindenwood (4-13-1),0,,,AH,Centene Community Ice Center,,Robert Morris (6-11-1)
2025-11-22 00:00:00 UTC,Princeton (8-4-0),2,(7) Quinnipiac (12-3-1),0,,,EC,M&T Bank Arena,,Princeton (8-4-0)
2025-11-22 00:00:00 UTC,(14) Yale (7-4-0),2,(11) Clarkson (9-5-1),3,,,EC,Cheel Arena,,(11) Clarkson (9-5-1)
2025-11-22 00:00:00 UTC,(12) Brown (8-3-1),2,St. Lawrence (6-10-1),1,,,EC,Appleton Arena,,(12) Brown (8-3-1)
2025-11-22 00:00:00 UTC,(13) Colgate (8-7-1),3,Union (6-8-2),2,OT,,EC,M&T Bank Center,,(13) Colgate (8-7-1)
2025-11-22 00:00:00 UTC,(4) Cornell (9-2-0),4,RPI (4-13-0),1,,,EC,Houston Fieldhouse,,(4) Cornell (9-2-0)
2025-11-22 00:00:00 UTC,Merrimack (2-12-1),0,Boston College (8-6-1),4,,,HE,Silvio O. Conte Forum,,Boston College (8-6-1)
2025-11-22 00:00:00 UTC,Holy Cross (11-5-1),3,New Hampshire (7-7-2),2,,,HE,Whittemore Center,,Holy Cross (11-5-1)
2025-11-22 00:00:00 UTC,Boston University (3-10-1),2,Providence (4-10-2),2,OT,,HE,Schneider Arena,,Boston University (3-10-1)
2025-11-22 00:00:00 UTC,Vermont (5-9-2),3,(9) Connecticut (10-3-1),6,,,HE,Toscano Family Ice Forum,,(9) Connecticut (10-3-1)
2025-11-22 00:00:00 UTC,(8) Northeastern (12-2-0),2,Maine (4-10-1),1,,,HE,Alfond Arena,,(8) Northeastern (12-2-0)
2025-11-22 00:00:00 UTC,Post (5-11-1),0,Stonehill (6-7-1),3,,,NEW,Bridgewater Ice Arena,,Stonehill (6-7-1)
2025-11-22 00:00:00 UTC,Assumption (7-8-1),1,Saint Anselm (11-6-0),2,,,NEW,Thomas F. Sullivan Arena,,Saint Anselm (11-6-0)
2025-11-22 00:00:00 UTC,St. Michael's (1-12-0),0,Franklin Pierce (9-7-0),7,,,NEW,Jason Ritchie Ice Arena,,Franklin Pierce (9-7-0)
2025-11-22 00:00:00 UTC,LIU (5-8-1),4,Sacred Heart (5-8-0),2,,,NEW,Martire Family Arena,,LIU (5-8-1)
2025-11-22 00:00:00 UTC,(10) St. Cloud State (5-10-1),5,Bemidji State (4-9-1),6,OT,,WC,Sanford Center,,Bemidji State (4-9-1)
2025-11-22 00:00:00 UTC,(2) Minnesota (12-4-0),1,Minnesota State (8-7-1),4,,,WC,Mayo Clinic Health System Event Center,Fox9+,Minnesota State (8-7-1)
2025-11-22 00:00:00 UTC,(3) Ohio State (13-1-0),4,(5) Minnesota Duluth (10-6-0),1,,,WC,AMSOIL Arena,My9,(3) Ohio State (13-1-0)
2025-11-25 00:00:00 UTC,(5) Cornell (9-2-1),2,Syracuse (6-10-2),2,OT,,NC,Tennity Ice Skating Pavilion,,Syracuse (6-10-2)
2025-11-25 00:00:00 UTC,Yale (7-5-0),3,(13) Princeton (9-4-0),4,OT,,NC,Hobey Baker Rink,,(13) Princeton (9-4-0)
2025-11-28 00:00:00 UTC,Robert Morris (7-11-1),5,RIT (8-11-0),1,,,AH,Gene Polisseni Center,,Robert Morris (7-11-1)
2025-11-28 00:00:00 UTC,(14) St. Cloud State (6-10-1),3,(12) Colgate (8-8-1),2,OT,,NC,Capitals Iceplex,,(14) St. Cloud State (6-10-1)
2025-11-28 00:00:00 UTC,(2) Ohio State (14-1-0),8,(10) Clarkson (9-6-1),0,,,NC,Capitals Iceplex,,(2) Ohio State (14-1-0)
2025-11-28 00:00:00 UTC,RPI (4-14-0),1,Syracuse (7-10-2),3,,,NC,Tennity Ice Skating Pavilion,,Syracuse (7-10-2)
2025-11-28 00:00:00 UTC,Bemidji State (4-10-1),4,Lindenwood (5-13-1),7,,,NC,Centene Community Ice Center,,Lindenwood (5-13-1)
2025-11-28 00:00:00 UTC,Delaware (2-15-0),0,Union (7-8-2),7,,,NC,M&T Bank Center,,Union (7-8-2)
2025-11-28 00:00:00 UTC,Maine (5-10-1),4,Harvard (5-5-1),3,OT,,NC,Bright-Landry Hockey Center,,Maine (5-10-1)
2025-11-28 00:00:00 UTC,(4) Penn State (16-1-0),2,(7) Northeastern (13-2-0),3,,,NC,Matthews Arena,NESN,(7) Northeastern (13-2-0)
2025-11-28 00:00:00 UTC,(5) Cornell (9-3-1),3,Vermont (6-9-2),4,,,NC,Gutterson Fieldhouse,,Vermont (6-9-2)
2025-11-28 00:00:00 UTC,St. Lawrence (6-11-1),2,Boston College (9-6-1),3,OT,,NC,Silvio O. Conte Forum,,Boston College (9-6-1)
2025-11-28 00:00:00 UTC,Dartmouth (2-8-1),2,(15) Minnesota State (9-7-1),5,,,NC,Mayo Clinic Health System Event Center,,(15) Minnesota State (9-7-1)
2025-11-28 00:00:00 UTC,(9) Quinnipiac (12-4-1),3,(8) Connecticut (11-3-1),4,,,NC,Toscano Family Ice Forum,,(8) Connecticut (11-3-1)
2025-11-28 00:00:00 UTC,Yale (8-5-0),5,Sacred Heart (5-9-0),0,,,NC,Toscano Family Ice Forum,,Yale (8-5-0)
2025-11-28 00:00:00 UTC,Stonehill (6-8-1),1,Mercyhurst (10-7-2),6,,,NC,Ford Ice Center,,Mercyhurst (10-7-2)
2025-11-29 00:00:00 UTC,Robert Morris (7-12-1),3,RIT (9-11-0),6,,,AH,Gene Polisseni Center,,RIT (9-11-0)
2025-11-29 00:00:00 UTC,(14) St. Cloud State (6-11-1),0,(10) Clarkson (10-6-1),2,,,NC,Capitals Iceplex,,(10) Clarkson (10-6-1)
2025-11-29 00:00:00 UTC,(2) Ohio State (15-1-0),5,(12) Colgate (8-9-1),0,,,NC,Capitals Iceplex,,(2) Ohio State (15-1-0)
2025-11-29 00:00:00 UTC,Providence (5-10-2),3,(11) Brown (8-4-1),2,OT,,NC,Meehan Auditorium,,Providence (5-10-2)
2025-11-29 00:00:00 UTC,Bemidji State (4-10-2),2,Lindenwood (5-13-2),2,OT,,NC,Centene Community Ice Center,,Lindenwood (5-13-2)
2025-11-29 00:00:00 UTC,Syracuse (8-10-2),3,RPI (4-15-0),0,,,NC,Houston Fieldhouse,,Syracuse (8-10-2)
2025-11-29 00:00:00 UTC,Delaware (2-16-0),0,Union (8-8-2),3,,,NC,M&T Bank Center,,Union (8-8-2)
2025-11-29 00:00:00 UTC,Maine (5-11-1),1,Harvard (6-5-1),5,,,NC,Bright-Landry Hockey Center,,Harvard (6-5-1)
2025-11-29 00:00:00 UTC,(4) Penn State (17-1-0),4,(7) Northeastern (13-3-0),1,,,NC,Dorothy Talbot Rink,,(4) Penn State (17-1-0)
2025-11-29 00:00:00 UTC,(5) Cornell (10-3-1),5,Vermont (6-10-2),1,,,NC,Gutterson Fieldhouse,,(5) Cornell (10-3-1)
2025-11-29 00:00:00 UTC,St. Lawrence (7-11-1),4,Boston College (9-7-1),2,,,NC,Silvio O. Conte Forum,,St. Lawrence (7-11-1)
2025-11-29 00:00:00 UTC,Assumption (7-9-1),2,Holy Cross (12-5-1),6,,,NC,Hart Recreation Center,,Holy Cross (12-5-1)
2025-11-29 00:00:00 UTC,Dartmouth (2-9-1),0,(15) Minnesota State (10-7-1),5,,,NC,Mayo Clinic Health System Event Center,,(15) Minnesota State (10-7-1)
2025-11-29 00:00:00 UTC,Sacred Heart (5-10-0),0,(9) Quinnipiac (13-4-1),2,,,NC,Toscano Family Ice Forum,,(9) Quinnipiac (13-4-1)
2025-11-29 00:00:00 UTC,Yale (8-6-0),2,(8) Connecticut (12-3-1),3,,,NC,Toscano Family Ice Forum,,(8) Connecticut (12-3-1)
2025-11-29 00:00:00 UTC,Mercyhurst (10-8-2),1,(1) Wisconsin (15-1-1),5,,,NC,Ford Ice Center,,(1) Wisconsin (15-1-1)
2025-11-30 00:00:00 UTC,New Hampshire (8-7-2),4,(11) Brown (8-5-1),1,,,NC,Meehan Auditorium,,New Hampshire (8-7-2)
2025-11-30 00:00:00 UTC,Assumption (7-10-1),1,Merrimack (3-12-1),4,,,NC,J. Thom Lawler Arena,,Merrimack (3-12-1)
2025-11-30 00:00:00 UTC,Stonehill (6-9-1),2,(1) Wisconsin (16-1-1),17,,,NC,Ford Ice Center,,(1) Wisconsin (16-1-1)
2025-12-02 00:00:00 UTC,Boston University (4-10-1),3,Holy Cross (12-6-1),0,,,HE,Hart Recreation Center,,Boston University (4-10-1)
2025-12-02 00:00:00 UTC,New Hampshire (9-7-2),4,(6) Northeastern (13-4-0),3,OT,,HE,Matthews Arena,,New Hampshire (9-7-2)
2025-12-02 00:00:00 UTC,Post (6-11-1),2,Sacred Heart (5-11-0),1,,,NEW,Martire Family Arena,,Post (6-11-1)
2025-12-03 00:00:00 UTC,Saint Anselm (11-7-0),1,Franklin Pierce (10-7-0),2,,,NEW,Jason Ritchie Ice Arena,,Franklin Pierce (10-7-0)
2025-12-04 00:00:00 UTC,Franklin Pierce (10-7-1),3,Saint Anselm (11-7-1),3,OT,,NEW,Thomas F. Sullivan Arena,,Franklin Pierce (10-7-1)
2025-12-04 00:00:00 UTC,(10) Clarkson (10-6-2),1,St. Lawrence (7-11-2),1,OT,,NC,Appleton Arena,,(10) Clarkson (10-6-2)
2025-12-05 00:00:00 UTC,Delaware (2-17-0),2,RIT (10-11-0),5,,,AH,Gene Polisseni Center,,RIT (10-11-0)
2025-12-05 00:00:00 UTC,Robert Morris (8-12-1),1,Syracuse (8-11-2),0,,,AH,Tennity Ice Skating Pavilion,,Robert Morris (8-12-1)
2025-12-05 00:00:00 UTC,Lindenwood (5-14-2),1,Mercyhurst (11-8-2),10,,,AH,Mercyhurst Ice Center,,Mercyhurst (11-8-2)
2025-12-05 00:00:00 UTC,RPI (5-15-0),3,Dartmouth (2-10-1),1,,,EC,Thompson Arena,,RPI (5-15-0)
2025-12-05 00:00:00 UTC,Union (8-9-2),2,Harvard (7-5-1),4,,,EC,Bright-Landry Hockey Center,,Harvard (7-5-1)
2025-12-05 00:00:00 UTC,(9) Quinnipiac (14-4-1),3,(8) Cornell (10-4-1),0,,,EC,Lynah Rink,,(9) Quinnipiac (14-4-1)
2025-12-05 00:00:00 UTC,(11) Princeton (10-4-0),6,(14) Colgate (8-10-1),1,,,EC,Class of 1965 Arena,,(11) Princeton (10-4-0)
2025-12-05 00:00:00 UTC,Boston University (4-10-2),1,(7) Connecticut (12-3-2),1,OT,,HE,Toscano Family Ice Forum,,Boston University (4-10-2)
2025-12-05 00:00:00 UTC,Holy Cross (13-6-1),2,Vermont (6-11-2),0,,,HE,Gutterson Fieldhouse,,Holy Cross (13-6-1)
2025-12-05 00:00:00 UTC,(6) Northeastern (14-4-0),3,Boston College (9-8-1),1,,,HE,Silvio O. Conte Forum,,(6) Northeastern (14-4-0)
2025-12-05 00:00:00 UTC,Maine (6-11-1),4,New Hampshire (9-8-2),3,OT,,HE,Whittemore Center,,Maine (6-11-1)
2025-12-05 00:00:00 UTC,Merrimack (3-13-1),2,Providence (6-10-2),3,OT,,HE,Schneider Arena,,Providence (6-10-2)
2025-12-05 00:00:00 UTC,Stonehill (7-9-1),6,St. Michael's (1-13-0),0,,,NEW,C. Douglas Cairns Arena,,Stonehill (7-9-1)
2025-12-05 00:00:00 UTC,Assumption (7-10-2),2,Sacred Heart (5-11-1),2,OT,,NEW,Martire Family Arena,,Sacred Heart (5-11-1)
2025-12-05 00:00:00 UTC,LIU (6-8-1),3,Post (6-12-1),1,,,NEW,Sports Center of Connecticut,,LIU (6-8-1)
2025-12-05 00:00:00 UTC,(13) St. Cloud State (7-11-1),4,(12) Minnesota State (10-8-1),0,,,WC,Mayo Clinic Health System Event Center,,(13) St. Cloud State (7-11-1)
2025-12-05 00:00:00 UTC,(1) Wisconsin (17-1-1),2,(2) Ohio State (15-2-0),1,,,WC,OSU Ice Arena,,(1) Wisconsin (17-1-1)
2025-12-05 00:00:00 UTC,(5) Minnesota Duluth (11-6-0),4,Bemidji State (4-11-2),1,,,WC,Sanford Center,,(5) Minnesota Duluth (11-6-0)
2025-12-05 00:00:00 UTC,(3) Minnesota (13-4-0),5,St. Thomas (8-11-0),3,,,WC,Lee & Penny Anderson Arena,Fox9+,(3) Minnesota (13-4-0)
2025-12-06 00:00:00 UTC,Lindenwood (6-14-2),5,Mercyhurst (11-9-2),2,,,AH,Mercyhurst Ice Center,,Lindenwood (6-14-2)
2025-12-06 00:00:00 UTC,Robert Morris (8-12-2),2,Syracuse (8-11-3),2,OT,,AH,Tennity Ice Skating Pavilion,,Robert Morris (8-12-2)
2025-12-06 00:00:00 UTC,Delaware (2-18-0),2,RIT (11-11-0),4,,,AH,Gene Polisseni Center,,RIT (11-11-0)
2025-12-06 00:00:00 UTC,RPI (6-15-0),3,Harvard (7-6-1),1,,,EC,Bright-Landry Hockey Center,,RPI (6-15-0)
2025-12-06 00:00:00 UTC,St. Lawrence (7-12-2),3,(10) Clarkson (11-6-2),4,OT,,EC,Cheel Arena,,(10) Clarkson (11-6-2)
2025-12-06 00:00:00 UTC,Union (8-9-3),0,Dartmouth (2-10-2),0,OT,,EC,Thompson Arena,,Union (8-9-3)
2025-12-06 00:00:00 UTC,(11) Princeton (11-4-0),3,(8) Cornell (10-5-1),2,,,EC,Lynah Rink,,(11) Princeton (11-4-0)
2025-12-06 00:00:00 UTC,(9) Quinnipiac (14-5-1),1,(14) Colgate (9-10-1),2,OT,,EC,Class of 1965 Arena,,(14) Colgate (9-10-1)
2025-12-06 00:00:00 UTC,(15) Yale (8-7-0),2,Brown (9-5-1),4,,,EC,Meehan Auditorium,,Brown (9-5-1)
2025-12-06 00:00:00 UTC,Providence (7-10-2),3,Merrimack (3-14-1),2,,,HE,J. Thom Lawler Arena,,Providence (7-10-2)
2025-12-06 00:00:00 UTC,Boston College (9-9-1),2,(6) Northeastern (15-4-0),4,,,HE,Matthews Arena,NESN,(6) Northeastern (15-4-0)
2025-12-06 00:00:00 UTC,Maine (6-11-2),2,New Hampshire (9-8-3),2,OT,,HE,Whittemore Center,,New Hampshire (9-8-3)
2025-12-06 00:00:00 UTC,Holy Cross (14-6-1),2,Vermont (6-12-2),1,,,HE,Gutterson Fieldhouse,,Holy Cross (14-6-1)
2025-12-06 00:00:00 UTC,(7) Connecticut (13-3-2),3,Boston University (4-11-2),2,,,HE,Walter Brown Arena,,(7) Connecticut (13-3-2)
2025-12-06 00:00:00 UTC,Stonehill (8-9-1),6,St. Michael's (1-14-0),0,,,NEW,C. Douglas Cairns Arena,,Stonehill (8-9-1)
2025-12-06 00:00:00 UTC,Sacred Heart (5-12-1),2,Assumption (8-10-2),4,,,NEW,Worcester Ice Center,,Assumption (8-10-2)
2025-12-06 00:00:00 UTC,Post (6-13-1),3,LIU (7-8-1),5,,,NEW,Northwell Health Ice Center,,LIU (7-8-1)
2025-12-06 00:00:00 UTC,(1) Wisconsin (18-1-1),6,(2) Ohio State (15-3-0),1,,,WC,OSU Ice Arena,,(1) Wisconsin (18-1-1)
2025-12-06 00:00:00 UTC,(5) Minnesota Duluth (12-6-0),4,Bemidji State (4-12-2),0,,,WC,Sanford Center,,(5) Minnesota Duluth (12-6-0)
2025-12-06 00:00:00 UTC,(13) St. Cloud State (7-12-1),2,(12) Minnesota State (11-8-1),3,OT,,WC,Mayo Clinic Health System Event Center,,(12) Minnesota State (11-8-1)
2025-12-06 00:00:00 UTC,St. Thomas (8-12-0),1,(3) Minnesota (14-4-0),4,,,WC,Ridder Arena,,(3) Minnesota (14-4-0)
2025-12-07 00:00:00 UTC,Brown (9-6-1),2,(15) Yale (9-7-0),3,,,EC,Ingalls Rink,,(15) Yale (9-7-0)
2025-12-12 00:00:00 UTC,LIU (7-9-1),0,Robert Morris (9-12-2),2,,,NC,Clearview Ice Arena,,Robert Morris (9-12-2)
2025-12-12 00:00:00 UTC,St. Michael's (1-15-0),0,Dartmouth (3-10-2),10,,,NC,Thompson Arena,,Dartmouth (3-10-2)
2025-12-13 00:00:00 UTC,LIU (7-10-1),0,Robert Morris (10-12-2),9,,,NC,Clearview Ice Arena,,Robert Morris (10-12-2)
2025-12-13 00:00:00 UTC,Saint Anselm (11-8-1),2,Dartmouth (4-10-2),4,,,NC,Thompson Arena,,Dartmouth (4-10-2)
2025-12-30 00:00:00 UTC,(10) Cornell (10-6-1),0,(4) Penn State (18-1-0),1,,,NC,Pegula Ice Arena,,(4) Penn State (18-1-0)
2025-12-30 00:00:00 UTC,Brown (9-7-1),2,Maine (7-11-2),3,,,NC,Cross Insurance Arena,,Maine (7-11-2)
2026-01-02 00:00:00 UTC,Mercyhurst (12-9-2),5,Lindenwood (6-15-2),1,,,AH,Centene Community Ice Center,,Mercyhurst (12-9-2)
2026-01-02 00:00:00 UTC,Delaware (2-19-0),1,Syracuse (9-11-3),3,,,AH,Tennity Ice Skating Pavilion,,Syracuse (9-11-3)
2026-01-02 00:00:00 UTC,RPI (6-16-0),3,Brown (10-7-1),4,OT,,EC,Meehan Auditorium,,Brown (10-7-1)
2026-01-02 00:00:00 UTC,Union (8-10-3),3,(15) Yale (10-7-0),6,,,EC,Ingalls Rink,,(15) Yale (10-7-0)
2026-01-02 00:00:00 UTC,(5) Minnesota Duluth (12-7-0),2,Harvard (8-6-1),3,OT,,NC,SSE Arena Belfast,,Harvard (8-6-1)
2026-01-02 00:00:00 UTC,(8) Quinnipiac (14-5-2),2,Boston University (4-11-3),2,OT,,NC,SSE Arena Belfast,,Boston University (4-11-3)
2026-01-02 00:00:00 UTC,(6) Connecticut (14-3-2),4,Providence (7-11-2),1,,,HE,Schneider Arena,,(6) Connecticut (14-3-2)
2026-01-02 00:00:00 UTC,Stonehill (8-10-1),1,(9) Princeton (12-4-0),8,,,NC,Hobey Baker Rink,,(9) Princeton (12-4-0)
2026-01-02 00:00:00 UTC,St. Michael's (1-16-0),0,(11) Clarkson (12-6-2),15,,,NC,Cheel Arena,,(11) Clarkson (12-6-2)
2026-01-02 00:00:00 UTC,Dartmouth (4-11-2),0,Vermont (7-12-2),1,,,NC,Gutterson Fieldhouse,,Vermont (7-12-2)
2026-01-02 00:00:00 UTC,(3) Minnesota (15-4-0),4,Sacred Heart (5-13-1),0,,,NC,Martire Family Arena,,(3) Minnesota (15-4-0)
2026-01-02 00:00:00 UTC,(4) Penn State (18-2-0),1,(2) Ohio State (16-3-0),5,,,NC,OSU Ice Arena,,(2) Ohio State (16-3-0)
2026-01-03 00:00:00 UTC,Mercyhurst (13-9-2),2,Lindenwood (6-16-2),1,OT,,AH,Centene Community Ice Center,,Mercyhurst (13-9-2)
2026-01-03 00:00:00 UTC,Delaware (2-20-0),0,Syracuse (10-11-3),4,,,AH,Tennity Ice Skating Pavilion,,Syracuse (10-11-3)
2026-01-03 00:00:00 UTC,RPI (6-17-0),2,(15) Yale (11-7-0),7,,,EC,Ingalls Rink,,(15) Yale (11-7-0)
2026-01-03 00:00:00 UTC,Union (8-11-3),1,Brown (11-7-1),3,,,EC,Meehan Auditorium,,Brown (11-7-1)
2026-01-03 00:00:00 UTC,St. Thomas (12-23-1),,(13) St. Cloud State (12-23-2),,,,EX,Herb Brooks National Hockey Center,,
2026-01-03 00:00:00 UTC,Harvard (8-7-1),2,Boston University (5-11-3),3,,,NC,SSE Arena Belfast,,Boston University (5-11-3)
2026-01-03 00:00:00 UTC,(8) Quinnipiac (15-5-2),3,(5) Minnesota Duluth (12-8-0),1,,,NC,SSE Arena Belfast,,(8) Quinnipiac (15-5-2)
2026-01-03 00:00:00 UTC,Providence (7-12-2),0,(6) Connecticut (15-3-2),5,,,HE,Toscano Family Ice Forum,,(6) Connecticut (15-3-2)
2026-01-03 00:00:00 UTC,Holy Cross (14-7-1),1,Maine (8-11-2),2,,,HE,Alfond Arena,,Maine (8-11-2)
2026-01-03 00:00:00 UTC,Vermont (8-12-2),2,Dartmouth (4-12-2),1,,,NC,Thompson Arena,,Vermont (8-12-2)
2026-01-03 00:00:00 UTC,St. Michael's (1-17-0),0,(11) Clarkson (13-6-2),9,,,NC,Cheel Arena,,(11) Clarkson (13-6-2)
2026-01-03 00:00:00 UTC,Stonehill (8-11-1),0,(9) Princeton (13-4-0),10,,,NC,Hobey Baker Rink,,(9) Princeton (13-4-0)
2026-01-03 00:00:00 UTC,(14) Colgate (10-10-1),3,Boston College (9-10-1),0,,,NC,Silvio O. Conte Forum,,(14) Colgate (10-10-1)
2026-01-03 00:00:00 UTC,LIU (7-11-1),0,New Hampshire (10-8-3),4,,,NC,Whittemore Center,,New Hampshire (10-8-3)
2026-01-03 00:00:00 UTC,Bemidji State (5-12-2),3,Merrimack (3-15-1),1,,,NC,J. Thom Lawler Arena,,Bemidji State (5-12-2)
2026-01-03 00:00:00 UTC,(3) Minnesota (16-4-0),14,Sacred Heart (5-14-1),2,,,NC,Martire Family Arena,,(3) Minnesota (16-4-0)
2026-01-03 00:00:00 UTC,(4) Penn State (18-3-0),1,(2) Ohio State (17-3-0),4,,,NC,OSU Ice Arena,,(2) Ohio State (17-3-0)
2026-01-04 00:00:00 UTC,LIU (7-12-1),1,New Hampshire (11-8-3),6,,,NC,Whittemore Center,,New Hampshire (11-8-3)
2026-01-04 00:00:00 UTC,Bemidji State (5-12-3),2,Merrimack (3-15-2),2,OT,,NC,J. Thom Lawler Arena,,Bemidji State (5-12-3)
2026-01-06 00:00:00 UTC,(6) Northeastern (15-5-0),0,(14) Yale (12-7-0),3,,,NC,Ingalls Rink,,(14) Yale (12-7-0)
2026-01-08 00:00:00 UTC,RIT (12-11-0),3,Delaware (2-21-0),2,,,AH,Fred Rust Ice Arena,,RIT (12-11-0)
2026-01-09 00:00:00 UTC,RIT (13-11-0),8,Delaware (2-22-0),1,,,AH,Fred Rust Ice Arena,,RIT (13-11-0)
2026-01-09 00:00:00 UTC,Syracuse (11-11-3),3,Robert Morris (10-13-2),0,,,AH,Clearview Ice Arena,,Syracuse (11-11-3)
2026-01-09 00:00:00 UTC,(4) Penn State (19-3-0),3,Mercyhurst (13-10-2),0,,,AH,Mercyhurst Ice Center,,(4) Penn State (19-3-0)
2026-01-09 00:00:00 UTC,(9) Princeton (14-4-0),3,Union (8-12-3),1,,,EC,M&T Bank Center,,(9) Princeton (14-4-0)
2026-01-09 00:00:00 UTC,(7) Quinnipiac (16-5-2),5,RPI (6-18-0),1,,,EC,Houston Fieldhouse,,(7) Quinnipiac (16-5-2)
2026-01-09 00:00:00 UTC,(11) Clarkson (13-6-3),5,(10) Cornell (10-6-2),5,OT,,EC,Lynah Rink,,(10) Cornell (10-6-2)
2026-01-09 00:00:00 UTC,St. Lawrence (7-13-2),2,(13) Colgate (11-10-1),6,,,EC,Class of 1965 Arena,,(13) Colgate (11-10-1)
2026-01-09 00:00:00 UTC,Brown (11-8-1),1,Harvard (9-7-1),2,OT,,EC,Bright-Landry Hockey Center,,Harvard (9-7-1)
2026-01-09 00:00:00 UTC,(14) Yale (13-7-0),3,Dartmouth (4-13-2),0,,,EC,Thompson Arena,,(14) Yale (13-7-0)
2026-01-09 00:00:00 UTC,(6) Northeastern (16-5-0),5,Providence (7-13-2),2,,,HE,Schneider Arena,,(6) Northeastern (16-5-0)
2026-01-09 00:00:00 UTC,Boston College (9-11-1),1,Holy Cross (15-7-1),3,,,HE,Hart Recreation Center,,Holy Cross (15-7-1)
2026-01-09 00:00:00 UTC,Vermont (9-12-2),4,Merrimack (3-16-2),1,,,HE,J. Thom Lawler Arena,,Vermont (9-12-2)
2026-01-09 00:00:00 UTC,(5) Connecticut (16-3-2),2,Maine (8-12-2),1,,,HE,Alfond Arena,,(5) Connecticut (16-3-2)
2026-01-09 00:00:00 UTC,Assumption (8-11-2),1,Post (7-13-1),2,OT,,NEW,Sports Center of Connecticut,,Post (7-13-1)
2026-01-09 00:00:00 UTC,Stonehill (9-11-1),4,Saint Anselm (11-9-1),1,,,NEW,Thomas F. Sullivan Arena,,Stonehill (9-11-1)
2026-01-09 00:00:00 UTC,Sacred Heart (5-15-1),2,Franklin Pierce (11-7-1),3,OT,,NEW,Jason Ritchie Ice Arena,,Franklin Pierce (11-7-1)
2026-01-09 00:00:00 UTC,St. Michael's (1-18-0),1,LIU (8-12-1),4,,,NEW,Northwell Health Ice Center,,LIU (8-12-1)
2026-01-09 00:00:00 UTC,(2) Ohio State (18-3-0),4,(15) St. Cloud State (7-13-1),0,,,WC,Herb Brooks National Hockey Center,,(2) Ohio State (18-3-0)
2026-01-09 00:00:00 UTC,(1) Wisconsin (18-1-2),1,(8) Minnesota Duluth (12-8-1),1,OT,,WC,AMSOIL Arena,My9,(8) Minnesota Duluth (12-8-1)
2026-01-09 00:00:00 UTC,(3) Minnesota (17-4-0),11,(12) Minnesota State (11-9-1),3,,,WC,Mayo Clinic Health System Event Center,,(3) Minnesota (17-4-0)
2026-01-09 00:00:00 UTC,Bemidji State (5-13-3),1,St. Thomas (9-12-0),2,,,WC,Lee & Penny Anderson Arena,,St. Thomas (9-12-0)
2026-01-10 00:00:00 UTC,(4) Penn State (19-4-0),3,Mercyhurst (14-10-2),4,OT,,AH,Mercyhurst Ice Center,,Mercyhurst (14-10-2)
2026-01-10 00:00:00 UTC,Syracuse (12-11-3),2,Robert Morris (10-14-2),0,,,AH,Clearview Ice Arena,,Syracuse (12-11-3)
2026-01-10 00:00:00 UTC,(14) Yale (14-7-0),3,Harvard (9-8-1),2,,,EC,Bright-Landry Hockey Center,,(14) Yale (14-7-0)
2026-01-10 00:00:00 UTC,St. Lawrence (7-14-2),2,(10) Cornell (11-6-2),5,,,EC,Lynah Rink,,(10) Cornell (11-6-2)
2026-01-10 00:00:00 UTC,(11) Clarkson (13-7-3),2,(13) Colgate (12-10-1),5,,,EC,Class of 1965 Arena,,(13) Colgate (12-10-1)
2026-01-10 00:00:00 UTC,(9) Princeton (15-4-0),4,RPI (6-19-0),0,,,EC,Houston Fieldhouse,,(9) Princeton (15-4-0)
2026-01-10 00:00:00 UTC,Brown (11-8-2),0,Dartmouth (4-13-3),0,OT,,EC,Thompson Arena,,Dartmouth (4-13-3)
2026-01-10 00:00:00 UTC,(7) Quinnipiac (17-5-2),5,Union (8-13-3),1,,,EC,M&T Bank Center,,(7) Quinnipiac (17-5-2)
2026-01-10 00:00:00 UTC,Vermont (9-12-3),3,Merrimack (3-16-3),3,OT,,HE,J. Thom Lawler Arena,,Vermont (9-12-3)
2026-01-10 00:00:00 UTC,(5) Connecticut (17-3-2),4,Maine (8-13-2),3,,,HE,Alfond Arena,,(5) Connecticut (17-3-2)
2026-01-10 00:00:00 UTC,Boston University (6-11-3),2,New Hampshire (11-9-3),1,,,HE,Whittemore Center,,Boston University (6-11-3)
2026-01-10 00:00:00 UTC,Post (7-14-1),1,Assumption (9-11-2),4,,,NEW,Worcester Ice Center,,Assumption (9-11-2)
2026-01-10 00:00:00 UTC,Saint Anselm (11-10-1),3,Stonehill (10-11-1),4,OT,,NEW,Bridgewater Ice Arena,,Stonehill (10-11-1)
2026-01-10 00:00:00 UTC,Sacred Heart (5-16-1),1,Franklin Pierce (12-7-1),3,,,NEW,Jason Ritchie Ice Arena,,Franklin Pierce (12-7-1)
2026-01-10 00:00:00 UTC,St. Michael's (1-19-0),0,LIU (9-12-1),4,,,NEW,Northwell Health Ice Center,,LIU (9-12-1)
2026-01-10 00:00:00 UTC,(12) Minnesota State (11-10-1),3,(3) Minnesota (18-4-0),4,,,WC,Ridder Arena,BTN,(3) Minnesota (18-4-0)
2026-01-10 00:00:00 UTC,(1) Wisconsin (19-1-2),5,(8) Minnesota Duluth (12-9-1),1,,,WC,AMSOIL Arena,My9,(1) Wisconsin (19-1-2)
2026-01-10 00:00:00 UTC,Bemidji State (5-14-3),1,St. Thomas (10-12-0),4,,,WC,Lee & Penny Anderson Arena,,St. Thomas (10-12-0)
2026-01-10 00:00:00 UTC,(2) Ohio State (19-3-0),5,(15) St. Cloud State (7-14-1),1,,,WC,Herb Brooks National Hockey Center,,(2) Ohio State (19-3-0)
2026-01-13 00:00:00 UTC,Harvard (10-8-1),2,Boston College (9-12-1),1,,,NC,Walter Brown Arena,,Harvard (10-8-1)
2026-01-13 00:00:00 UTC,(7) Northeastern (16-6-0),1,Boston University (7-11-3),2,OT,,NC,Walter Brown Arena,,Boston University (7-11-3)
2026-01-15 00:00:00 UTC,Merrimack (3-17-3),1,(5) Connecticut (18-3-2),8,,,HE,Toscano Family Ice Forum,,(5) Connecticut (18-3-2)
2026-01-16 00:00:00 UTC,(4) Penn State (20-4-0),4,Syracuse (12-12-3),1,,,AH,Tennity Ice Skating Pavilion,,(4) Penn State (20-4-0)
2026-01-16 00:00:00 UTC,Delaware (2-23-0),2,Lindenwood (7-16-2),3,,,AH,Centene Community Ice Center,,Lindenwood (7-16-2)
2026-01-16 00:00:00 UTC,Mercyhurst (15-10-2),5,RIT (13-12-0),3,,,AH,Gene Polisseni Center,,Mercyhurst (15-10-2)
2026-01-16 00:00:00 UTC,Union (8-14-3),2,St. Lawrence (8-14-2),5,,,EC,Appleton Arena,,St. Lawrence (8-14-2)
2026-01-16 00:00:00 UTC,Harvard (10-9-1),1,(9) Princeton (16-4-0),3,,,EC,Hobey Baker Rink,,(9) Princeton (16-4-0)
2026-01-16 00:00:00 UTC,Dartmouth (4-14-3),0,(6) Quinnipiac (18-5-2),4,,,EC,M&T Bank Arena,,(6) Quinnipiac (18-5-2)
2026-01-16 00:00:00 UTC,RPI (6-20-0),1,(11) Clarkson (14-7-3),7,,,EC,Cheel Arena,,(11) Clarkson (14-7-3)
2026-01-16 00:00:00 UTC,(10) Cornell (12-6-2),3,Brown (11-9-2),1,,,EC,Meehan Auditorium,,(10) Cornell (12-6-2)
2026-01-16 00:00:00 UTC,(12) Colgate (12-11-1),0,(13) Yale (15-7-0),3,,,EC,Ingalls Rink,,(13) Yale (15-7-0)
2026-01-16 00:00:00 UTC,(5) Connecticut (18-4-2),1,Merrimack (4-17-3),2,OT,,HE,Toscano Family Ice Forum,,Merrimack (4-17-3)
2026-01-16 00:00:00 UTC,Maine (8-13-3),2,Vermont (9-12-4),2,OT,,HE,Gutterson Fieldhouse,,Vermont (9-12-4)
2026-01-16 00:00:00 UTC,Providence (7-14-2),2,Boston College (10-12-1),8,,,HE,Silvio O. Conte Forum,,Boston College (10-12-1)
2026-01-16 00:00:00 UTC,Post (7-15-1),0,Franklin Pierce (13-7-1),2,,,NEW,Jason Ritchie Ice Arena,,Franklin Pierce (13-7-1)
2026-01-16 00:00:00 UTC,Saint Anselm (12-10-1),5,St. Michael's (1-20-0),0,,,NEW,C. Douglas Cairns Arena,,Saint Anselm (12-10-1)
2026-01-16 00:00:00 UTC,Stonehill (11-11-1),4,Sacred Heart (5-17-1),1,,,NEW,Martire Family Arena,,Stonehill (11-11-1)
2026-01-16 00:00:00 UTC,Assumption (10-11-2),3,LIU (9-13-1),2,,,NEW,Northwell Health Ice Center,,Assumption (10-11-2)
2026-01-16 00:00:00 UTC,(1) Wisconsin (20-1-2),5,St. Thomas (10-13-0),1,,,WC,Lee & Penny Anderson Arena,,(1) Wisconsin (20-1-2)
2026-01-16 00:00:00 UTC,(2) Ohio State (20-3-0),7,(14) Minnesota State (11-11-1),4,,,WC,Mayo Clinic Health System Event Center,,(2) Ohio State (20-3-0)
2026-01-16 00:00:00 UTC,(3) Minnesota (19-4-0),5,Bemidji State (5-15-3),3,,,WC,Sanford Center,,(3) Minnesota (19-4-0)
2026-01-16 00:00:00 UTC,(15) St. Cloud State (7-14-2),2,(8) Minnesota Duluth (12-9-2),2,OT,,WC,AMSOIL Arena,My9,(15) St. Cloud State (7-14-2)
2026-01-17 00:00:00 UTC,Delaware (2-24-0),3,Lindenwood (8-16-2),6,,,AH,Centene Community Ice Center,,Lindenwood (8-16-2)
2026-01-17 00:00:00 UTC,(4) Penn State (21-4-0),3,Syracuse (12-13-3),2,,,AH,Tennity Ice Skating Pavilion,,(4) Penn State (21-4-0)
2026-01-17 00:00:00 UTC,Mercyhurst (16-10-2),2,RIT (13-13-0),1,OT,,AH,Gene Polisseni Center,,Mercyhurst (16-10-2)
2026-01-17 00:00:00 UTC,Dartmouth (4-15-3),0,(9) Princeton (17-4-0),5,,,EC,Hobey Baker Rink,,(9) Princeton (17-4-0)
2026-01-17 00:00:00 UTC,(10) Cornell (12-7-2),1,(13) Yale (16-7-0),3,,,EC,Ingalls Rink,,(13) Yale (16-7-0)
2026-01-17 00:00:00 UTC,RPI (6-21-0),2,St. Lawrence (9-14-2),5,,,EC,Appleton Arena,,St. Lawrence (9-14-2)
2026-01-17 00:00:00 UTC,(12) Colgate (12-12-1),2,Brown (12-9-2),6,,,EC,Meehan Auditorium,,Brown (12-9-2)
2026-01-17 00:00:00 UTC,Union (8-15-3),1,(11) Clarkson (15-7-3),5,,,EC,Cheel Arena,,(11) Clarkson (15-7-3)
2026-01-17 00:00:00 UTC,Harvard (10-10-1),1,(6) Quinnipiac (19-5-2),4,,,EC,M&T Bank Arena,,(6) Quinnipiac (19-5-2)
2026-01-17 00:00:00 UTC,Holy Cross (16-7-1),4,Boston University (7-12-3),2,,,HE,Walter Brown Arena,,Holy Cross (16-7-1)
2026-01-17 00:00:00 UTC,Maine (8-14-3),1,Vermont (10-12-4),2,OT,,HE,Gutterson Fieldhouse,,Vermont (10-12-4)
2026-01-17 00:00:00 UTC,(7) Northeastern (17-6-0),2,New Hampshire (11-10-3),1,,,HE,Whittemore Center,,(7) Northeastern (17-6-0)
2026-01-17 00:00:00 UTC,Post (7-16-1),2,Franklin Pierce (14-7-1),4,,,NEW,Jason Ritchie Ice Arena,,Franklin Pierce (14-7-1)
2026-01-17 00:00:00 UTC,Stonehill (11-11-2),2,Sacred Heart (5-17-2),2,OT,,NEW,Martire Family Arena,,Sacred Heart (5-17-2)
2026-01-17 00:00:00 UTC,Saint Anselm (13-10-1),4,St. Michael's (1-21-0),0,,,NEW,C. Douglas Cairns Arena,,Saint Anselm (13-10-1)
2026-01-17 00:00:00 UTC,Assumption (10-12-2),0,LIU (10-13-1),1,,,NEW,Northwell Health Ice Center,,LIU (10-13-1)
2026-01-17 00:00:00 UTC,(15) St. Cloud State (8-14-2),5,(8) Minnesota Duluth (12-10-2),2,,,WC,AMSOIL Arena,My9,(15) St. Cloud State (8-14-2)
2026-01-17 00:00:00 UTC,(3) Minnesota (20-4-0),11,Bemidji State (5-16-3),1,,,WC,Sanford Center,,(3) Minnesota (20-4-0)
2026-01-17 00:00:00 UTC,(2) Ohio State (21-3-0),4,(14) Minnesota State (11-12-1),1,,,WC,Mayo Clinic Health System Event Center,,(2) Ohio State (21-3-0)
2026-01-17 00:00:00 UTC,(1) Wisconsin (21-1-2),5,St. Thomas (10-14-0),1,,,WC,Lee & Penny Anderson Arena,,(1) Wisconsin (21-1-2)
2026-01-19 00:00:00 UTC,Providence (7-15-2),2,(10) Yale (17-7-0),4,,,NC,Ingalls Rink,,(10) Yale (17-7-0)
2026-01-20 00:00:00 UTC,Harvard (11-10-1),2,Boston University (7-13-3),1,OT,,NC,TD Garden,,Harvard (11-10-1)
2026-01-20 00:00:00 UTC,Boston College (10-13-1),2,(8) Northeastern (18-6-0),3,,,NC,TD Garden,,(8) Northeastern (18-6-0)
2026-01-20 00:00:00 UTC,(11) Clarkson (16-7-3),5,St. Lawrence (9-15-2),0,,,EC,Appleton Arena,,(11) Clarkson (16-7-3)
2026-01-20 00:00:00 UTC,(4) Penn State (22-4-0),5,(12) Cornell (12-8-2),1,,,NC,Lynah Rink,,(4) Penn State (22-4-0)
2026-01-23 00:00:00 UTC,Lindenwood (8-17-2),1,Syracuse (13-13-3),2,,,AH,Tennity Ice Skating Pavilion,,Syracuse (13-13-3)
2026-01-23 00:00:00 UTC,Robert Morris (10-15-2),1,Mercyhurst (17-10-2),5,,,AH,Mercyhurst Ice Center,,Mercyhurst (17-10-2)
2026-01-23 00:00:00 UTC,Delaware (2-25-0),0,(4) Penn State (23-4-0),5,,,AH,Pegula Ice Arena,,(4) Penn State (23-4-0)
2026-01-23 00:00:00 UTC,Colgate (12-13-1),1,(6) Quinnipiac (20-5-2),5,,,EC,M&T Bank Arena,,(6) Quinnipiac (20-5-2)
2026-01-23 00:00:00 UTC,(11) Clarkson (17-7-3),2,Dartmouth (4-16-3),1,OT,,EC,Thompson Arena,,(11) Clarkson (17-7-3)
2026-01-23 00:00:00 UTC,St. Lawrence (9-15-3),1,Harvard (11-10-2),1,OT,,EC,Bright-Landry Hockey Center,,St. Lawrence (9-15-3)
2026-01-23 00:00:00 UTC,(12) Cornell (13-8-2),6,(7) Princeton (17-5-0),1,,,EC,Hobey Baker Rink,,(12) Cornell (13-8-2)
2026-01-23 00:00:00 UTC,Merrimack (5-17-3),2,Maine (8-15-3),0,,,HE,Alfond Arena,,Merrimack (5-17-3)
2026-01-23 00:00:00 UTC,Boston College (11-13-1),4,New Hampshire (11-11-3),1,,,HE,Whittemore Center,,Boston College (11-13-1)
2026-01-23 00:00:00 UTC,Vermont (11-12-4),5,Boston University (7-14-3),2,,,HE,Walter Brown Arena,,Vermont (11-12-4)
2026-01-23 00:00:00 UTC,Providence (7-16-2),1,(14) Holy Cross (17-7-1),2,,,HE,Hart Recreation Center,,(14) Holy Cross (17-7-1)
2026-01-23 00:00:00 UTC,St. Michael's (1-22-0),1,Post (8-16-1),2,,,NEW,Sports Center of Connecticut,,Post (8-16-1)
2026-01-23 00:00:00 UTC,Saint Anselm (13-11-1),2,Sacred Heart (6-17-2),5,,,NEW,Martire Family Arena,,Sacred Heart (6-17-2)
2026-01-23 00:00:00 UTC,Assumption (11-12-2),2,Franklin Pierce (14-8-1),0,,,NEW,Jason Ritchie Ice Arena,,Assumption (11-12-2)
2026-01-23 00:00:00 UTC,LIU (11-13-1),3,Stonehill (11-12-2),2,,,NEW,Bridgewater Ice Arena,,LIU (11-13-1)
2026-01-23 00:00:00 UTC,(9) Minnesota Duluth (12-10-3),0,(13) Minnesota State (11-12-2),0,OT,,WC,Mayo Clinic Health System Event Center,,(9) Minnesota Duluth (12-10-3)
2026-01-23 00:00:00 UTC,(3) Minnesota (21-4-0),8,(15) St. Cloud State (8-15-2),1,,,WC,Herb Brooks National Hockey Center,,(3) Minnesota (21-4-0)
2026-01-23 00:00:00 UTC,St. Thomas (10-15-0),1,(2) Ohio State (22-3-0),2,OT,,WC,OSU Ice Arena,,(2) Ohio State (22-3-0)
2026-01-24 00:00:00 UTC,Robert Morris (10-16-2),1,Mercyhurst (18-10-2),5,,,AH,Mercyhurst Ice Center,,Mercyhurst (18-10-2)
2026-01-24 00:00:00 UTC,Lindenwood (9-17-2),4,Syracuse (13-14-3),0,,,AH,Tennity Ice Skating Pavilion,,Lindenwood (9-17-2)
2026-01-24 00:00:00 UTC,Delaware (2-26-0),0,(4) Penn State (24-4-0),7,,,AH,Pegula Ice Arena,,(4) Penn State (24-4-0)
2026-01-24 00:00:00 UTC,(12) Cornell (13-9-2),0,(6) Quinnipiac (21-5-2),4,,,EC,M&T Bank Arena,,(6) Quinnipiac (21-5-2)
2026-01-24 00:00:00 UTC,Colgate (13-13-1),3,(7) Princeton (17-6-0),2,OT,,EC,Hobey Baker Rink,,Colgate (13-13-1)
2026-01-24 00:00:00 UTC,(11) Clarkson (18-7-3),3,Harvard (11-11-2),1,,,EC,Bright-Landry Hockey Center,,(11) Clarkson (18-7-3)
2026-01-24 00:00:00 UTC,St. Lawrence (10-15-3),2,Dartmouth (4-17-3),1,OT,,EC,Thompson Arena,,St. Lawrence (10-15-3)
2026-01-24 00:00:00 UTC,(8) Northeastern (19-6-0),1,(5) Connecticut (18-5-2),0,,,HE,Toscano Family Ice Forum,,(8) Northeastern (19-6-0)
2026-01-24 00:00:00 UTC,(14) Holy Cross (18-7-1),3,Providence (7-17-2),0,,,HE,Schneider Arena,,(14) Holy Cross (18-7-1)
2026-01-24 00:00:00 UTC,Merrimack (5-18-3),2,Maine (9-15-3),4,,,HE,Alfond Arena,,Maine (9-15-3)
2026-01-24 00:00:00 UTC,Vermont (12-12-4),2,Boston University (7-15-3),1,,,HE,Walter Brown Arena,,Vermont (12-12-4)
2026-01-24 00:00:00 UTC,New Hampshire (12-11-3),6,Boston College (11-14-1),2,,,HE,Silvio O. Conte Forum,,New Hampshire (12-11-3)
2026-01-24 00:00:00 UTC,Union (9-15-3),4,RPI (6-22-0),3,,,NC,MVP Arena,,Union (9-15-3)
2026-01-24 00:00:00 UTC,LIU (11-14-1),1,Stonehill (12-12-2),2,,,NEW,Bridgewater Ice Arena,,Stonehill (12-12-2)
2026-01-24 00:00:00 UTC,St. Michael's (1-23-0),2,Post (9-16-1),4,,,NEW,Sports Center of Connecticut,,Post (9-16-1)
2026-01-24 00:00:00 UTC,Franklin Pierce (14-8-2),3,Assumption (11-12-3),3,OT,,NEW,Worcester Ice Center,,Franklin Pierce (14-8-2)
2026-01-24 00:00:00 UTC,Saint Anselm (13-12-1),1,Sacred Heart (7-17-2),3,,,NEW,Martire Family Arena,,Sacred Heart (7-17-2)
2026-01-24 00:00:00 UTC,RIT (14-13-0),4,Brown (12-10-2),0,,,NC,Meehan Auditorium,,RIT (14-13-0)
2026-01-24 00:00:00 UTC,(9) Minnesota Duluth (13-10-3),3,(13) Minnesota State (11-13-2),0,,,WC,Mayo Clinic Health System Event Center,,(9) Minnesota Duluth (13-10-3)
2026-01-24 00:00:00 UTC,(15) St. Cloud State (8-16-2),1,(3) Minnesota (22-4-0),5,,,WC,Ridder Arena,,(3) Minnesota (22-4-0)
2026-01-24 00:00:00 UTC,Bemidji State (5-17-3),3,(1) Wisconsin (22-1-2),10,,,WC,La Bahn Arena,,(1) Wisconsin (22-1-2)
2026-01-24 00:00:00 UTC,St. Thomas (10-16-0),0,(2) Ohio State (23-3-0),5,,,WC,OSU Ice Arena,,(2) Ohio State (23-3-0)
2026-01-25 00:00:00 UTC,(8) Northeastern (20-6-0),4,(5) Connecticut (18-6-2),2,,,HE,Toscano Family Ice Forum,,(8) Northeastern (20-6-0)
2026-01-25 00:00:00 UTC,Bemidji State (5-18-3),1,(1) Wisconsin (23-1-2),6,,,WC,La Bahn Arena,,(1) Wisconsin (23-1-2)
2026-01-29 00:00:00 UTC,(13) Holy Cross (18-7-2),2,(6) Northeastern (20-6-1),2,OT,,HE,Walter Brown Arena,,(6) Northeastern (20-6-1)
2026-01-30 00:00:00 UTC,Robert Morris (10-17-2),0,(4) Penn State (25-4-0),3,,,AH,Beaver Stadium,BTN,(4) Penn State (25-4-0)
2026-01-30 00:00:00 UTC,RIT (14-14-0),2,Lindenwood (10-17-2),6,,,AH,Centene Community Ice Center,,Lindenwood (10-17-2)
2026-01-30 00:00:00 UTC,(15) Mercyhurst (19-10-2),4,Delaware (2-27-0),0,,,AH,Fred Rust Ice Arena,,(15) Mercyhurst (19-10-2)
2026-01-30 00:00:00 UTC,(10) Yale (18-7-0),8,RPI (6-23-0),2,,,EC,Houston Fieldhouse,,(10) Yale (18-7-0)
2026-01-30 00:00:00 UTC,Harvard (11-12-2),0,Colgate (14-13-1),3,,,EC,Class of 1965 Arena,,Colgate (14-13-1)
2026-01-30 00:00:00 UTC,Brown (13-10-2),7,Union (9-16-3),3,,,EC,M&T Bank Center,,Brown (13-10-2)
2026-01-30 00:00:00 UTC,(8) Princeton (18-6-0),2,St. Lawrence (10-16-3),0,,,EC,Appleton Arena,,(8) Princeton (18-6-0)
2026-01-30 00:00:00 UTC,Dartmouth (4-18-3),0,(12) Cornell (14-9-2),5,,,EC,Lynah Rink,,(12) Cornell (14-9-2)
2026-01-30 00:00:00 UTC,(5) Quinnipiac (21-6-2),1,(11) Clarkson (19-7-3),4,,,EC,Cheel Arena,,(11) Clarkson (19-7-3)
2026-01-30 00:00:00 UTC,(7) Connecticut (19-6-2),1,New Hampshire (12-12-3),0,,,HE,Whittemore Center,,(7) Connecticut (19-6-2)
2026-01-30 00:00:00 UTC,Boston University (8-15-3),3,Merrimack (5-19-3),0,,,HE,J. Thom Lawler Arena,,Boston University (8-15-3)
2026-01-30 00:00:00 UTC,Maine (10-15-3),4,Boston College (11-15-1),3,,,HE,Silvio O. Conte Forum,,Maine (10-15-3)
2026-01-30 00:00:00 UTC,Providence (8-17-2),4,Vermont (12-13-4),1,,,HE,Gutterson Fieldhouse,,Providence (8-17-2)
2026-01-30 00:00:00 UTC,Sacred Heart (8-17-2),3,St. Michael's (1-24-0),2,,,NEW,C. Douglas Cairns Arena,,Sacred Heart (8-17-2)
2026-01-30 00:00:00 UTC,Stonehill (12-13-2),0,Assumption (12-12-3),7,,,NEW,Worcester Ice Center,,Assumption (12-12-3)
2026-01-30 00:00:00 UTC,Post (9-17-1),3,Saint Anselm (14-12-1),6,,,NEW,Thomas F. Sullivan Arena,,Saint Anselm (14-12-1)
2026-01-30 00:00:00 UTC,LIU (12-14-1),2,Franklin Pierce (14-9-2),1,OT,,NEW,Jason Ritchie Ice Arena,,LIU (12-14-1)
2026-01-30 00:00:00 UTC,(1) Wisconsin (23-2-2),2,(3) Minnesota (23-4-0),3,OT,,WC,Ridder Arena,,(3) Minnesota (23-4-0)
2026-01-30 00:00:00 UTC,(9) Minnesota Duluth (13-11-3),2,(2) Ohio State (24-3-0),6,,,WC,OSU Ice Arena,,(2) Ohio State (24-3-0)
2026-01-30 00:00:00 UTC,(14) Minnesota State (12-13-2),3,Bemidji State (5-19-3),0,,,WC,Sanford Center,,(14) Minnesota State (12-13-2)
2026-01-30 00:00:00 UTC,St. Cloud State (8-17-2),2,St. Thomas (11-16-0),3,OT,,WC,Lee & Penny Anderson Arena,,St. Thomas (11-16-0)
2026-01-31 00:00:00 UTC,RIT (14-15-0),1,Lindenwood (11-17-2),5,,,AH,Centene Community Ice Center,,Lindenwood (11-17-2)
2026-01-31 00:00:00 UTC,Robert Morris (10-18-2),2,(4) Penn State (26-4-0),5,,,AH,Pegula Ice Arena,,(4) Penn State (26-4-0)
2026-01-31 00:00:00 UTC,(15) Mercyhurst (20-10-2),6,Delaware (2-28-0),1,,,AH,Fred Rust Ice Arena,,(15) Mercyhurst (20-10-2)
2026-01-31 00:00:00 UTC,Brown (14-10-2),4,RPI (6-24-0),0,,,EC,Houston Fieldhouse,,Brown (14-10-2)
2026-01-31 00:00:00 UTC,Harvard (12-12-2),3,(12) Cornell (14-10-2),1,,,EC,Lynah Rink,,Harvard (12-12-2)
2026-01-31 00:00:00 UTC,(10) Yale (19-7-0),5,Union (9-17-3),2,,,EC,M&T Bank Center,,(10) Yale (19-7-0)
2026-01-31 00:00:00 UTC,Dartmouth (4-19-3),2,Colgate (15-13-1),3,,,EC,Class of 1965 Arena,,Colgate (15-13-1)
2026-01-31 00:00:00 UTC,(5) Quinnipiac (21-7-2),1,St. Lawrence (11-16-3),3,,,EC,Appleton Arena,,St. Lawrence (11-16-3)
2026-01-31 00:00:00 UTC,(8) Princeton (19-6-0),6,(11) Clarkson (19-8-3),1,,,EC,Cheel Arena,,(8) Princeton (19-6-0)
2026-01-31 00:00:00 UTC,(6) Northeastern (21-6-1),2,(13) Holy Cross (18-8-2),1,,,HE,Hart Recreation Center,,(6) Northeastern (21-6-1)
2026-01-31 00:00:00 UTC,New Hampshire (13-12-3),3,(7) Connecticut (19-7-2),2,OT,,HE,Toscano Family Ice Forum,,New Hampshire (13-12-3)
2026-01-31 00:00:00 UTC,Merrimack (5-20-3),1,Boston University (9-15-3),3,,,HE,Walter Brown Arena,NESN,Boston University (9-15-3)
2026-01-31 00:00:00 UTC,Providence (9-17-2),3,Vermont (12-14-4),2,,,HE,Gutterson Fieldhouse,,Providence (9-17-2)
2026-01-31 00:00:00 UTC,Assumption (12-13-3),2,Stonehill (13-13-2),4,,,NEW,Bridgewater Ice Arena,,Stonehill (13-13-2)
2026-01-31 00:00:00 UTC,Post (9-18-1),2,Saint Anselm (15-12-1),5,,,NEW,Thomas F. Sullivan Arena,,Saint Anselm (15-12-1)
2026-01-31 00:00:00 UTC,Sacred Heart (9-17-2),3,St. Michael's (1-25-0),1,,,NEW,C. Douglas Cairns Arena,,Sacred Heart (9-17-2)
2026-01-31 00:00:00 UTC,LIU (13-14-1),4,Franklin Pierce (14-10-2),3,,,NEW,Jason Ritchie Ice Arena,,LIU (13-14-1)
2026-01-31 00:00:00 UTC,St. Cloud State (8-18-2),2,St. Thomas (12-16-0),3,,,WC,Lee & Penny Anderson Arena,,St. Thomas (12-16-0)
2026-01-31 00:00:00 UTC,(14) Minnesota State (12-14-2),1,Bemidji State (6-19-3),2,,,WC,Sanford Center,,Bemidji State (6-19-3)
2026-01-31 00:00:00 UTC,(9) Minnesota Duluth (13-12-3),1,(2) Ohio State (25-3-0),3,,,WC,OSU Ice Arena,,(2) Ohio State (25-3-0)
2026-01-31 00:00:00 UTC,(1) Wisconsin (24-2-2),6,(3) Minnesota (23-5-0),1,,,WC,Ridder Arena,,(1) Wisconsin (24-2-2)
2026-02-01 00:00:00 UTC,Maine (10-16-3),4,Boston College (12-15-1),5,OT,,HE,Silvio O. Conte Forum,,Boston College (12-15-1)
2026-02-05 00:00:00 UTC,Boston University (9-16-3),0,Vermont (13-14-4),3,,,HE,Gutterson Fieldhouse,,Vermont (13-14-4)
2026-02-05 00:00:00 UTC,Maine (10-17-3),1,(5) Northeastern (22-6-1),5,,,HE,Walter Brown Arena,,(5) Northeastern (22-6-1)
2026-02-06 00:00:00 UTC,(4) Penn State (27-4-0),6,Lindenwood (11-18-2),3,,,AH,Centene Community Ice Center,,(4) Penn State (27-4-0)
2026-02-06 00:00:00 UTC,RIT (14-16-0),2,Syracuse (14-14-3),3,,,AH,Tennity Ice Skating Pavilion,,Syracuse (14-14-3)
2026-02-06 00:00:00 UTC,Delaware (2-29-0),2,Robert Morris (11-18-2),3,,,AH,Clearview Ice Arena,,Robert Morris (11-18-2)
2026-02-06 00:00:00 UTC,(8) Quinnipiac (21-7-3),1,Harvard (12-12-3),1,OT,,EC,Bright-Landry Hockey Center,,Harvard (12-12-3)
2026-02-06 00:00:00 UTC,St. Lawrence (11-17-3),2,Brown (15-10-2),3,,,EC,Meehan Auditorium,,Brown (15-10-2)
2026-02-06 00:00:00 UTC,Union (9-18-3),1,Colgate (16-13-1),2,,,EC,Class of 1965 Arena,,Colgate (16-13-1)
2026-02-06 00:00:00 UTC,RPI (6-25-0),0,(12) Cornell (15-10-2),3,,,EC,Lynah Rink,,(12) Cornell (15-10-2)
2026-02-06 00:00:00 UTC,(11) Clarkson (19-9-3),4,(9) Yale (20-7-0),5,,,EC,Ingalls Rink,,(9) Yale (20-7-0)
2026-02-06 00:00:00 UTC,(7) Princeton (20-6-0),5,Dartmouth (4-20-3),0,,,EC,Thompson Arena,,(7) Princeton (20-6-0)
2026-02-06 00:00:00 UTC,(6) Connecticut (20-7-2),2,Providence (9-18-2),1,OT,,HE,Schneider Arena,,(6) Connecticut (20-7-2)
2026-02-06 00:00:00 UTC,Merrimack (5-21-3),2,New Hampshire (14-12-3),4,,,HE,Whittemore Center,,New Hampshire (14-12-3)
2026-02-06 00:00:00 UTC,Boston College (13-15-1),4,(13) Holy Cross (18-9-2),3,OT,,HE,Hart Recreation Center,,Boston College (13-15-1)
2026-02-06 00:00:00 UTC,St. Michael's (1-26-0),1,Assumption (13-13-3),6,,,NEW,Worcester Ice Center,,Assumption (13-13-3)
2026-02-06 00:00:00 UTC,Stonehill (13-14-2),1,Franklin Pierce (15-10-2),2,OT,,NEW,Jason Ritchie Ice Arena,,Franklin Pierce (15-10-2)
2026-02-06 00:00:00 UTC,Sacred Heart (10-17-2),3,Post (9-19-1),2,OT,,NEW,Sports Center of Connecticut,,Sacred Heart (10-17-2)
2026-02-06 00:00:00 UTC,Saint Anselm (15-13-1),2,LIU (14-14-1),3,OT,,NEW,Northwell Health Ice Center,,LIU (14-14-1)
2026-02-06 00:00:00 UTC,(15) Minnesota State (12-15-2),1,St. Cloud State (9-18-2),5,,,WC,Herb Brooks National Hockey Center,,St. Cloud State (9-18-2)
2026-02-06 00:00:00 UTC,Bemidji State (6-20-3),2,(10) Minnesota Duluth (14-12-3),3,,,WC,AMSOIL Arena,My9,(10) Minnesota Duluth (14-12-3)
2026-02-06 00:00:00 UTC,(3) Minnesota (24-5-0),4,St. Thomas (12-17-0),1,,,WC,Lee & Penny Anderson Arena,Fox9+,(3) Minnesota (24-5-0)
2026-02-07 00:00:00 UTC,(4) Penn State (28-4-0),5,Lindenwood (11-19-2),0,,,AH,Centene Community Ice Center,,(4) Penn State (28-4-0)
2026-02-07 00:00:00 UTC,Syracuse (14-15-3),2,RIT (15-16-0),4,,,AH,Gene Polisseni Center,,RIT (15-16-0)
2026-02-07 00:00:00 UTC,Delaware (2-30-0),0,Robert Morris (12-18-2),6,,,AH,Clearview Ice Arena,,Robert Morris (12-18-2)
2026-02-07 00:00:00 UTC,Union (9-19-3),0,(12) Cornell (16-10-2),5,,,EC,Lynah Rink,,(12) Cornell (16-10-2)
2026-02-07 00:00:00 UTC,(11) Clarkson (19-10-3),1,Brown (16-10-2),4,,,EC,Meehan Auditorium,,Brown (16-10-2)
2026-02-07 00:00:00 UTC,RPI (6-26-0),1,Colgate (17-13-1),2,OT,,EC,Class of 1965 Arena,,Colgate (17-13-1)
2026-02-07 00:00:00 UTC,(7) Princeton (20-7-0),2,Harvard (13-12-3),3,,,EC,Bright-Landry Hockey Center,,Harvard (13-12-3)
2026-02-07 00:00:00 UTC,(8) Quinnipiac (22-7-3),3,Dartmouth (4-21-3),0,,,EC,Thompson Arena,,(8) Quinnipiac (22-7-3)
2026-02-07 00:00:00 UTC,St. Lawrence (11-18-3),1,(9) Yale (21-7-0),4,,,EC,Ingalls Rink,,(9) Yale (21-7-0)
2026-02-07 00:00:00 UTC,Maine (11-17-3),2,Boston University (9-17-3),0,,,HE,Walter Brown Arena,,Maine (11-17-3)
2026-02-07 00:00:00 UTC,Boston College (13-16-1),2,(6) Connecticut (21-7-2),6,,,HE,Toscano Family Ice Forum,,(6) Connecticut (21-7-2)
2026-02-07 00:00:00 UTC,Providence (9-19-2),2,Merrimack (6-21-3),3,,,HE,J. Thom Lawler Arena,,Merrimack (6-21-3)
2026-02-07 00:00:00 UTC,New Hampshire (15-12-3),3,(13) Holy Cross (18-10-2),2,,,HE,Hart Recreation Center,,New Hampshire (15-12-3)
2026-02-07 00:00:00 UTC,(5) Northeastern (23-6-1),3,Vermont (13-15-4),2,OT,,HE,Gutterson Fieldhouse,NESN,(5) Northeastern (23-6-1)
2026-02-07 00:00:00 UTC,Post (9-20-1),0,Sacred Heart (11-17-2),1,OT,,NEW,Martire Family Arena,,Sacred Heart (11-17-2)
2026-02-07 00:00:00 UTC,St. Michael's (1-27-0),0,Assumption (14-13-3),9,,,NEW,Worcester Ice Center,,Assumption (14-13-3)
2026-02-07 00:00:00 UTC,Franklin Pierce (16-10-2),5,Stonehill (13-15-2),2,,,NEW,Warrior Ice Arena,,Franklin Pierce (16-10-2)
2026-02-07 00:00:00 UTC,Saint Anselm (15-14-1),2,LIU (15-14-1),3,OT,,NEW,Northwell Health Ice Center,,LIU (15-14-1)
2026-02-07 00:00:00 UTC,St. Thomas (12-17-1),1,(3) Minnesota (24-5-1),1,OT,,WC,Lee & Penny Anderson Arena,,(3) Minnesota (24-5-1)
2026-02-07 00:00:00 UTC,(15) Minnesota State (13-15-2),4,St. Cloud State (9-19-2),1,,,WC,Herb Brooks National Hockey Center,,(15) Minnesota State (13-15-2)
2026-02-07 00:00:00 UTC,(2) Ohio State (26-3-0),4,(1) Wisconsin (24-3-2),1,,,WC,La Bahn Arena,BTN,(2) Ohio State (26-3-0)
2026-02-07 00:00:00 UTC,Bemidji State (6-21-3),0,(10) Minnesota Duluth (15-12-3),5,,,WC,AMSOIL Arena,My9,(10) Minnesota Duluth (15-12-3)
2026-02-08 00:00:00 UTC,(2) Ohio State (26-4-0),1,(1) Wisconsin (25-3-2),4,,,WC,La Bahn Arena,,(1) Wisconsin (25-3-2)
2026-02-13 00:00:00 UTC,RIT (16-16-0),3,(4) Penn State (28-5-0),2,OT,,AH,Pegula Ice Arena,,RIT (16-16-0)
2026-02-13 00:00:00 UTC,Syracuse (14-15-4),2,(13) Mercyhurst (20-10-3),2,OT,,AH,Mercyhurst Ice Center,,Syracuse (14-15-4)
2026-02-13 00:00:00 UTC,Lindenwood (12-19-2),3,Robert Morris (12-19-2),2,OT,,AH,Clearview Ice Arena,,Lindenwood (12-19-2)
2026-02-13 00:00:00 UTC,(9) Yale (22-7-0),2,(8) Princeton (20-8-0),0,,,EC,Hobey Baker Rink,,(9) Yale (22-7-0)
2026-02-13 00:00:00 UTC,Dartmouth (4-22-3),0,Union (10-19-3),1,,,EC,M&T Bank Center,,Union (10-19-3)
2026-02-13 00:00:00 UTC,Harvard (13-13-3),1,RPI (7-26-0),4,,,EC,Houston Fieldhouse,,RPI (7-26-0)
2026-02-13 00:00:00 UTC,(11) Cornell (17-10-2),4,St. Lawrence (11-19-3),3,OT,,EC,Appleton Arena,,(11) Cornell (17-10-2)
2026-02-13 00:00:00 UTC,Brown (16-11-2),2,(7) Quinnipiac (23-7-3),5,,,EC,M&T Bank Arena,,(7) Quinnipiac (23-7-3)
2026-02-13 00:00:00 UTC,(15) Colgate (17-14-1),3,(12) Clarkson (20-10-3),4,OT,,EC,Cheel Arena,,(12) Clarkson (20-10-3)
2026-02-13 00:00:00 UTC,(14) Holy Cross (18-10-3),1,Merrimack (6-21-4),1,OT,,HE,J. Thom Lawler Arena,,Merrimack (6-21-4)
2026-02-13 00:00:00 UTC,Vermont (13-15-5),2,Maine (11-17-4),2,OT,,HE,Alfond Arena,,Vermont (13-15-5)
2026-02-13 00:00:00 UTC,Providence (10-19-2),2,Boston College (13-17-1),1,OT,,HE,Silvio O. Conte Forum,,Providence (10-19-2)
2026-02-13 00:00:00 UTC,(6) Connecticut (22-7-2),5,New Hampshire (15-13-3),1,,,HE,Whittemore Center,,(6) Connecticut (22-7-2)
2026-02-13 00:00:00 UTC,(5) Northeastern (24-6-1),5,Boston University (9-18-3),2,,,HE,Matthews Arena,,(5) Northeastern (24-6-1)
2026-02-13 00:00:00 UTC,Franklin Pierce (17-10-2),6,St. Michael's (1-28-0),0,,,NEW,C. Douglas Cairns Arena,,Franklin Pierce (17-10-2)
2026-02-13 00:00:00 UTC,Stonehill (14-15-2),2,Post (9-21-1),1,OT,,NEW,Sports Center of Connecticut,,Stonehill (14-15-2)
2026-02-13 00:00:00 UTC,Saint Anselm (15-15-1),3,Assumption (15-13-3),5,,,NEW,Thomas F. Sullivan Arena,,Assumption (15-13-3)
2026-02-13 00:00:00 UTC,LIU (15-15-1),1,Sacred Heart (12-17-2),3,,,NEW,Martire Family Arena,,Sacred Heart (12-17-2)
2026-02-13 00:00:00 UTC,(3) Minnesota (24-6-1),2,(2) Ohio State (27-4-0),4,,,WC,OSU Ice Arena,,(2) Ohio State (27-4-0)
2026-02-13 00:00:00 UTC,(1) Wisconsin (26-3-2),4,Minnesota State (13-16-2),1,,,WC,Mayo Clinic Health System Event Center,,(1) Wisconsin (26-3-2)
2026-02-13 00:00:00 UTC,Bemidji State (6-22-3),2,St. Cloud State (10-19-2),6,,,WC,Herb Brooks National Hockey Center,,St. Cloud State (10-19-2)
2026-02-13 00:00:00 UTC,St. Thomas (12-18-1),0,(10) Minnesota Duluth (16-12-3),3,,,WC,AMSOIL Arena,My9,(10) Minnesota Duluth (16-12-3)
2026-02-14 00:00:00 UTC,Syracuse (14-16-4),0,(13) Mercyhurst (21-10-3),7,,,AH,Mercyhurst Ice Center,,(13) Mercyhurst (21-10-3)
2026-02-14 00:00:00 UTC,Lindenwood (13-19-2),8,Robert Morris (12-20-2),5,,,AH,Clearview Ice Arena,,Lindenwood (13-19-2)
2026-02-14 00:00:00 UTC,RIT (16-17-0),2,(4) Penn State (29-5-0),4,,,AH,Pegula Ice Arena,,(4) Penn State (29-5-0)
2026-02-14 00:00:00 UTC,(15) Colgate (18-14-1),4,St. Lawrence (11-20-3),2,,,EC,Appleton Arena,,(15) Colgate (18-14-1)
2026-02-14 00:00:00 UTC,(11) Cornell (18-10-2),2,(12) Clarkson (20-11-3),1,,,EC,Cheel Arena,,(11) Cornell (18-10-2)
2026-02-14 00:00:00 UTC,Dartmouth (5-22-3),5,RPI (7-27-0),3,,,EC,Houston Fieldhouse,,Dartmouth (5-22-3)
2026-02-14 00:00:00 UTC,(9) Yale (22-8-0),3,(7) Quinnipiac (24-7-3),4,OT,,EC,M&T Bank Arena,,(7) Quinnipiac (24-7-3)
2026-02-14 00:00:00 UTC,Harvard (14-13-3),2,Union (10-20-3),1,,,EC,M&T Bank Center,,Harvard (14-13-3)
2026-02-14 00:00:00 UTC,Brown (16-12-2),2,(8) Princeton (21-8-0),3,OT,,EC,Hobey Baker Rink,,(8) Princeton (21-8-0)
2026-02-14 00:00:00 UTC,(6) Connecticut (23-7-2),2,Boston University (9-19-3),0,,,HE,Walter Brown Arena,NESN,(6) Connecticut (23-7-2)
2026-02-14 00:00:00 UTC,New Hampshire (16-13-3),3,Maine (11-18-4),0,,,HE,Alfond Arena,,New Hampshire (16-13-3)
2026-02-14 00:00:00 UTC,(14) Holy Cross (18-11-3),2,Providence (11-19-2),3,,,HE,Schneider Arena,,Providence (11-19-2)
2026-02-14 00:00:00 UTC,Franklin Pierce (18-10-2),5,St. Michael's (1-29-0),1,,,NEW,C. Douglas Cairns Arena,,Franklin Pierce (18-10-2)
2026-02-14 00:00:00 UTC,Stonehill (14-16-2),2,Post (10-21-1),3,,,NEW,Sports Center of Connecticut,,Post (10-21-1)
2026-02-14 00:00:00 UTC,Assumption (16-13-3),4,Saint Anselm (15-16-1),2,,,NEW,Worcester Ice Center,,Assumption (16-13-3)
2026-02-14 00:00:00 UTC,Sacred Heart (12-18-2),0,LIU (16-15-1),1,,,NEW,Northwell Health Ice Center,,LIU (16-15-1)
2026-02-14 00:00:00 UTC,St. Thomas (12-19-1),0,(10) Minnesota Duluth (17-12-3),3,,,WC,AMSOIL Arena,My9,(10) Minnesota Duluth (17-12-3)
2026-02-14 00:00:00 UTC,Bemidji State (6-23-3),0,St. Cloud State (11-19-2),5,,,WC,Herb Brooks National Hockey Center,,St. Cloud State (11-19-2)
2026-02-14 00:00:00 UTC,(1) Wisconsin (27-3-2),5,Minnesota State (13-17-2),1,,,WC,Mayo Clinic Health System Event Center,,(1) Wisconsin (27-3-2)
2026-02-14 00:00:00 UTC,(3) Minnesota (24-7-1),1,(2) Ohio State (28-4-0),3,,,WC,OSU Ice Arena,,(2) Ohio State (28-4-0)
2026-02-15 00:00:00 UTC,Boston College (14-17-1),1,(5) Northeastern (24-7-1),0,OT,,HE,Bentley Arena,,Boston College (14-17-1)
2026-02-15 00:00:00 UTC,Merrimack (7-21-4),3,Vermont (13-16-5),2,,,HE,Gutterson Fieldhouse,,Merrimack (7-21-4)
2026-02-19 00:00:00 UTC,Delaware (2-31-0),2,Robert Morris (13-20-2),3,OT,,NC,Centene Community Ice Center,,Robert Morris (13-20-2)
2026-02-19 00:00:00 UTC,Maine (12-18-4),2,Merrimack (7-22-4),0,,,HE,J. Thom Lawler Arena,,Maine (12-18-4)
2026-02-20 00:00:00 UTC,RPI (7-28-0),2,(14) Colgate (19-14-1),4,,,NC,Class of 1965 Arena,,(14) Colgate (19-14-1)
2026-02-20 00:00:00 UTC,Union (11-20-3),2,(12) Clarkson (20-12-3),1,,,NC,Cheel Arena,,Union (11-20-3)
2026-02-20 00:00:00 UTC,New Hampshire (16-14-3),2,Boston College (15-17-1),5,,,HE,Silvio O. Conte Forum,,Boston College (15-17-1)
2026-02-20 00:00:00 UTC,(5) Northeastern (25-7-1),3,(6) Connecticut (23-8-2),2,OT,,HE,Toscano Family Ice Forum,,(5) Northeastern (25-7-1)
2026-02-20 00:00:00 UTC,Vermont (14-16-5),2,Holy Cross (18-12-3),1,OT,,HE,Hart Recreation Center,,Vermont (14-16-5)
2026-02-20 00:00:00 UTC,Providence (11-20-2),1,Boston University (10-19-3),3,,,HE,Walter Brown Arena,,Boston University (10-19-3)
2026-02-20 00:00:00 UTC,Saint Anselm (15-17-1),2,Franklin Pierce (19-10-2),4,,,NEW,Jason Ritchie Ice Arena,,Franklin Pierce (19-10-2)
2026-02-20 00:00:00 UTC,St. Michael's (1-30-0),4,Stonehill (15-16-2),6,,,NEW,Bridgewater Ice Arena,,Stonehill (15-16-2)
2026-02-20 00:00:00 UTC,Sacred Heart (13-18-2),4,Assumption (16-14-3),3,OT,,NEW,Worcester Ice Center,,Sacred Heart (13-18-2)
2026-02-20 00:00:00 UTC,Post (10-22-1),2,LIU (17-15-1),3,,,NEW,Northwell Health Ice Center,,LIU (17-15-1)
2026-02-20 00:00:00 UTC,(10) Minnesota Duluth (18-12-3),3,(3) Minnesota (24-8-1),2,OT,,WC,Ridder Arena,,(10) Minnesota Duluth (18-12-3)
2026-02-20 00:00:00 UTC,(2) Ohio State (29-4-0),7,Bemidji State (6-24-3),1,,,WC,Sanford Center,,(2) Ohio State (29-4-0)
2026-02-20 00:00:00 UTC,(15) Minnesota State (14-17-2),5,St. Thomas (12-20-1),2,,,WC,Lee & Penny Anderson Arena,,(15) Minnesota State (14-17-2)
2026-02-21 00:00:00 UTC,Robert Morris (13-21-2),1,Lindenwood (14-19-2),3,,,NC,Centene Community Ice Center,,Lindenwood (14-19-2)
2026-02-21 00:00:00 UTC,Syracuse (15-16-4),4,RIT (16-18-0),3,2OT,,NC,Gene Polisseni Center,,Syracuse (15-16-4)
2026-02-21 00:00:00 UTC,Dartmouth (5-23-3),2,Brown (17-12-2),7,,,NC,Meehan Auditorium,,Brown (17-12-2)
2026-02-21 00:00:00 UTC,St. Lawrence (11-21-3),2,Harvard (15-13-3),3,OT,,NC,Bright-Landry Hockey Center,,Harvard (15-13-3)
2026-02-21 00:00:00 UTC,Merrimack (7-23-4),3,(6) Connecticut (24-8-2),5,,,HE,Toscano Family Ice Forum,,(6) Connecticut (24-8-2)
2026-02-21 00:00:00 UTC,(5) Northeastern (26-7-1),4,Providence (11-21-2),2,,,HE,Schneider Arena,,(5) Northeastern (26-7-1)
2026-02-21 00:00:00 UTC,Boston University (10-20-3),0,Boston College (16-17-1),4,,,HE,Silvio O. Conte Forum,NESN,Boston College (16-17-1)
2026-02-21 00:00:00 UTC,Vermont (15-16-5),6,New Hampshire (16-15-3),5,OT,,HE,Whittemore Center,,Vermont (15-16-5)
2026-02-21 00:00:00 UTC,Franklin Pierce (19-11-2),2,Saint Anselm (16-17-1),6,,,NEW,Thomas F. Sullivan Arena,,Saint Anselm (16-17-1)
2026-02-21 00:00:00 UTC,St. Michael's (1-31-0),1,Stonehill (16-16-2),4,,,NEW,Bridgewater Ice Arena,,Stonehill (16-16-2)
2026-02-21 00:00:00 UTC,Assumption (17-14-3),3,Sacred Heart (13-19-2),2,,,NEW,Martire Family Arena,,Assumption (17-14-3)
2026-02-21 00:00:00 UTC,LIU (18-15-1),4,Post (10-23-1),1,,,NEW,Sports Center of Connecticut,,LIU (18-15-1)
2026-02-21 00:00:00 UTC,(10) Minnesota Duluth (19-12-3),2,(3) Minnesota (24-9-1),1,OT,,WC,Ridder Arena,,(10) Minnesota Duluth (19-12-3)
2026-02-21 00:00:00 UTC,St. Cloud State (11-20-2),2,(1) Wisconsin (28-3-2),9,,,WC,La Bahn Arena,,(1) Wisconsin (28-3-2)
2026-02-21 00:00:00 UTC,(15) Minnesota State (15-17-2),4,St. Thomas (12-21-1),3,OT,,WC,Lee & Penny Anderson Arena,,(15) Minnesota State (15-17-2)
2026-02-21 00:00:00 UTC,(2) Ohio State (30-4-0),6,Bemidji State (6-25-3),3,,,WC,Sanford Center,,(2) Ohio State (30-4-0)
2026-02-22 00:00:00 UTC,St. Cloud State (11-21-2),2,(1) Wisconsin (29-3-2),4,,,WC,La Bahn Arena,,(1) Wisconsin (29-3-2)
2026-02-25 00:00:00 UTC,Merrimack (7-24-4),0,Maine (13-18-4),4,,,NC,Alfond Arena,,Maine (13-18-4)
2026-02-25 00:00:00 UTC,Providence (11-22-2),0,Boston University (11-20-3),3,,,NC,Walter Brown Arena,,Boston University (11-20-3)
2026-02-27 00:00:00 UTC,Syracuse (15-17-4),0,(3) Penn State (30-5-0),7,,,NC,Pegula Ice Arena,,(3) Penn State (30-5-0)
2026-02-27 00:00:00 UTC,Lindenwood (14-20-2),1,(12) Mercyhurst (22-10-3),2,,,NC,Mercyhurst Ice Center,,(12) Mercyhurst (22-10-3)
2026-02-27 00:00:00 UTC,Harvard (15-14-3),0,(10) Princeton (22-8-0),1,,,NC,Hobey Baker Rink,,(10) Princeton (22-8-0)
2026-02-27 00:00:00 UTC,Brown (17-13-2),3,(7) Quinnipiac (25-7-3),6,,,NC,M&T Bank Arena,,(7) Quinnipiac (25-7-3)
2026-02-27 00:00:00 UTC,(13) Colgate (19-15-1),2,(11) Cornell (19-10-2),3,OT,,NC,Lynah Rink,,(11) Cornell (19-10-2)
2026-02-27 00:00:00 UTC,Union (11-21-3),2,(8) Yale (23-8-0),4,,,NC,Ingalls Rink,,(8) Yale (23-8-0)
2026-02-27 00:00:00 UTC,LIU (18-16-1),0,Stonehill (17-16-2),3,,,NC,Bridgewater Ice Arena,,Stonehill (17-16-2)
2026-02-27 00:00:00 UTC,Sacred Heart (13-20-2),2,Saint Anselm (17-17-1),3,,,NC,Thomas F. Sullivan Arena,,Saint Anselm (17-17-1)
2026-02-27 00:00:00 UTC,Post (10-24-1),1,Assumption (18-14-3),2,OT,,NC,Worcester Ice Center,,Assumption (18-14-3)
2026-02-27 00:00:00 UTC,St. Michael's (1-32-0),0,Franklin Pierce (20-11-2),8,,,NC,Jason Ritchie Ice Arena,,Franklin Pierce (20-11-2)
2026-02-27 00:00:00 UTC,(14) Minnesota State (15-18-2),0,(9) Minnesota Duluth (20-12-3),2,,,NC,AMSOIL Arena,,(9) Minnesota Duluth (20-12-3)
2026-02-27 00:00:00 UTC,St. Thomas (12-22-1),1,(2) Ohio State (31-4-0),5,,,NC,OSU Ice Arena,,(2) Ohio State (31-4-0)
2026-02-27 00:00:00 UTC,Bemidji State (6-26-3),0,(1) Wisconsin (30-3-2),7,,,NC,La Bahn Arena,,(1) Wisconsin (30-3-2)
2026-02-27 00:00:00 UTC,St. Cloud State (12-21-2),1,(4) Minnesota (24-10-1),0,OT,,NC,Ridder Arena,,St. Cloud State (12-21-2)
2026-02-28 00:00:00 UTC,Lindenwood (14-21-2),2,(12) Mercyhurst (23-10-3),3,2OT,,NC,Mercyhurst Ice Center,,(12) Mercyhurst (23-10-3)
2026-02-28 00:00:00 UTC,Syracuse (15-18-4),1,(3) Penn State (31-5-0),2,,,NC,Pegula Ice Arena,,(3) Penn State (31-5-0)
2026-02-28 00:00:00 UTC,Union (11-22-3),1,(8) Yale (24-8-0),6,,,NC,Ingalls Rink,,(8) Yale (24-8-0)
2026-02-28 00:00:00 UTC,(13) Colgate (19-16-1),1,(11) Cornell (20-10-2),3,,,NC,Lynah Rink,,(11) Cornell (20-10-2)
2026-02-28 00:00:00 UTC,Brown (18-13-2),3,(7) Quinnipiac (25-8-3),2,OT,,NC,M&T Bank Arena,,Brown (18-13-2)
2026-02-28 00:00:00 UTC,Harvard (16-14-3),3,(10) Princeton (22-9-0),1,,,NC,Hobey Baker Rink,,Harvard (16-14-3)
2026-02-28 00:00:00 UTC,Maine (13-19-4),1,(6) Connecticut (25-8-2),6,,,NC,Toscano Family Ice Forum,,(6) Connecticut (25-8-2)
2026-02-28 00:00:00 UTC,Boston University (11-21-3),1,(5) Northeastern (27-7-1),2,2OT,,NC,Walter Brown Arena,,(5) Northeastern (27-7-1)
2026-02-28 00:00:00 UTC,New Hampshire (16-16-3),4,Holy Cross (19-12-3),5,,,NC,Hart Recreation Center,,Holy Cross (19-12-3)
2026-02-28 00:00:00 UTC,Vermont (16-16-5),3,Boston College (16-18-1),1,,,NC,Silvio O. Conte Forum,,Vermont (16-16-5)
2026-02-28 00:00:00 UTC,LIU (18-17-1),3,Stonehill (18-16-2),4,OT,,NC,Bridgewater Ice Arena,,Stonehill (18-16-2)
2026-02-28 00:00:00 UTC,Post (11-24-1),2,Assumption (18-15-3),1,,,NC,Worcester Ice Center,,Post (11-24-1)
2026-02-28 00:00:00 UTC,St. Michael's (1-33-0),1,Franklin Pierce (21-11-2),5,,,NC,Jason Ritchie Ice Arena,,Franklin Pierce (21-11-2)
2026-02-28 00:00:00 UTC,Sacred Heart (13-21-2),1,Saint Anselm (18-17-1),3,,,NC,Thomas F. Sullivan Arena,,Saint Anselm (18-17-1)
2026-02-28 00:00:00 UTC,St. Cloud State (12-22-2),1,(4) Minnesota (25-10-1),4,,,NC,Ridder Arena,,(4) Minnesota (25-10-1)
2026-02-28 00:00:00 UTC,Bemidji State (6-27-3),2,(1) Wisconsin (31-3-2),3,OT,,NC,La Bahn Arena,,(1) Wisconsin (31-3-2)
2026-02-28 00:00:00 UTC,St. Thomas (12-23-1),1,(2) Ohio State (32-4-0),4,,,NC,OSU Ice Arena,,(2) Ohio State (32-4-0)
2026-02-28 00:00:00 UTC,(14) Minnesota State (16-18-2),2,(9) Minnesota Duluth (20-13-3),1,2OT,,NC,AMSOIL Arena,,(14) Minnesota State (16-18-2)
2026-03-01 00:00:00 UTC,Harvard (16-15-3),1,(10) Princeton (23-9-0),5,,,NC,Hobey Baker Rink,,(10) Princeton (23-9-0)
2026-03-01 00:00:00 UTC,Brown (18-14-2),4,(7) Quinnipiac (26-8-3),5,,,NC,M&T Bank Arena,,(7) Quinnipiac (26-8-3)
2026-03-01 00:00:00 UTC,Post (11-25-1),2,Assumption (19-15-3),4,,,NC,Worcester Ice Center,,Assumption (19-15-3)
2026-03-01 00:00:00 UTC,(14) Minnesota State (17-18-2),2,(9) Minnesota Duluth (20-14-3),1,,,NC,AMSOIL Arena,,(14) Minnesota State (17-18-2)
2026-03-01 00:00:00 UTC,St. Cloud State (12-23-2),1,(4) Minnesota (26-10-1),6,,,NC,Ridder Arena,,(4) Minnesota (26-10-1)
2026-03-03 00:00:00 UTC,Holy Cross (19-13-3),1,(6) Connecticut (26-8-2),6,,,NC,Toscano Family Ice Forum,,(6) Connecticut (26-8-2)
2026-03-03 00:00:00 UTC,Vermont (16-17-5),1,(5) Northeastern (28-7-1),3,,,NC,Walter Brown Arena,,(5) Northeastern (28-7-1)
2026-03-04 00:00:00 UTC,Saint Anselm (19-17-1),2,Assumption (19-16-3),1,,,NC,Worcester Ice Center,,Saint Anselm (19-17-1)
2026-03-04 00:00:00 UTC,Stonehill (18-17-2),1,Franklin Pierce (22-11-2),2,2OT,,NC,Jason Ritchie Ice Arena,,Franklin Pierce (22-11-2)
2026-03-05 00:00:00 UTC,(13) Minnesota State (17-19-2),2,(1) Wisconsin (32-3-2),7,,,NC,Lee & Penny Anderson Arena,,(1) Wisconsin (32-3-2)
2026-03-05 00:00:00 UTC,(4) Minnesota (26-11-1),0,(2) Ohio State (33-4-0),4,,,NC,Lee & Penny Anderson Arena,,(2) Ohio State (33-4-0)
2026-03-06 00:00:00 UTC,(11) Cornell (20-11-2),2,(7) Yale (25-8-0),7,,,NC,Herb Brooks Arena,,(7) Yale (25-8-0)
2026-03-06 00:00:00 UTC,(8) Quinnipiac (27-8-3),2,(9) Princeton (23-10-0),1,OT,,NC,Herb Brooks Arena,,(8) Quinnipiac (27-8-3)
2026-03-07 00:00:00 UTC,(12) Mercyhurst (23-11-3),2,(3) Penn State (32-5-0),3,,,NC,Pegula Ice Arena,,(3) Penn State (32-5-0)
2026-03-07 00:00:00 UTC,(8) Quinnipiac (28-8-3),5,(7) Yale (25-9-0),1,,,NC,Herb Brooks Arena,,(8) Quinnipiac (28-8-3)
2026-03-07 00:00:00 UTC,(6) Connecticut (27-8-2),2,(5) Northeastern (28-8-1),1,2OT,,NC,Toscano Family Ice Forum,,(6) Connecticut (27-8-2)
2026-03-07 00:00:00 UTC,Saint Anselm (19-18-1),0,Franklin Pierce (23-11-2),2,,,NC,Jason Ritchie Ice Arena,,Franklin Pierce (23-11-2)
2026-03-07 00:00:00 UTC,(2) Ohio State (34-4-0),2,(1) Wisconsin (32-4-2),1,,,NC,Lee & Penny Anderson Arena,,(2) Ohio State (34-4-0)
2026-03-12 00:00:00 UTC,Franklin Pierce (23-12-2),0,(7) Quinnipiac (29-8-3),4,,,NC,La Bahn Arena,,(7) Quinnipiac (29-8-3)
2026-03-12 00:00:00 UTC,(10) Minnesota Duluth (20-15-3),0,(8) Yale (26-9-0),1,,,NC,OSU Ice Arena,,(8) Yale (26-9-0)
2026-03-12 00:00:00 UTC,(9) Princeton (23-11-0),1,(6) Connecticut (28-8-2),4,,,NC,Pegula Ice Arena,,(6) Connecticut (28-8-2)
2026-03-14 00:00:00 UTC,(6) Connecticut (28-9-2),0,(3) Penn State (33-5-0),3,,,NC,Pegula Ice Arena,,(3) Penn State (33-5-0)
2026-03-14 00:00:00 UTC,(8) Yale (26-10-0),1,(1) Ohio State (35-4-0),6,,,NC,OSU Ice Arena,,(1) Ohio State (35-4-0)
2026-03-14 00:00:00 UTC,(7) Quinnipiac (29-9-3),0,(2) Wisconsin (33-4-2),6,,,NC,La Bahn Arena,,(2) Wisconsin (33-4-2)
2026-03-14 00:00:00 UTC,(5) Northeastern (29-8-1),4,(4) Minnesota (26-12-1),2,,,NC,Ridder Arena,,(5) Northeastern (29-8-1)
2026-03-20 00:00:00 UTC,(3) Penn State (33-6-0),3,(2) Wisconsin (34-4-2),4,OT,,NC,Pegula Ice Arena,ESPN+,(2) Wisconsin (34-4-2)
2026-03-20 00:00:00 UTC,(5) Northeastern (29-9-1),0,(1) Ohio State (36-4-0),5,,,NC,Pegula Ice Arena,ESPN+,(1) Ohio State (36-4-0)
2026-03-22 00:00:00 UTC,(2) Wisconsin (35-4-2),3,(1) Ohio State (36-5-0),2,,,NC,Pegula Ice Arena,,(2) Wisconsin (35-4-2)